Original Sentence	Modified Sentence	Case Rule Applied	Source of Data
Ẹ kú àyẹ́sí	E ku ayesi	remove_accents_and_underdots	greetings
Ẹ kú ìnáwó	E ku inawo	remove_accents_and_underdots	greetings
Ẹ kú ìkúnra	E ku ikunra	remove_accents_and_underdots	greetings
Ẹ kú ìgbúròó.	E ku igburoo.	remove_accents_and_underdots	greetings
A kú ọ̀rọ̀ ara wa	A ku oro ara wa	remove_accents_and_underdots	greetings
Ẹ kú àtẹ̀mọ́ra	E ku atemora	remove_accents_and_underdots	greetings
Ẹ kú àṣẹ̀yìndè	E ku aseyinde	remove_accents_and_underdots	greetings
Ẹ kú ìdèlé	E ku idele	remove_accents_and_underdots	greetings
Ẹ kú ìtọ́jú	E ku itoju	remove_accents_and_underdots	greetings
Ẹ kú etígbọ̀ọ́	ku etigbọọ	remove_only_accents_and_any_random_word	greetings
Ara ire yóò gbà á	Ara ire yoo gba a	remove_only_accents	greetings
Ó dígbà	O digba	remove_accents_and_underdots	greetings
Ẹ ṣe é	E se e	remove_accents_and_underdots	greetings
Ó dàárọ̀	O daaro	remove_accents_and_underdots	greetings
Ó dábọ̀	O dabo	remove_accents_and_underdots	greetings
Ẹ kú ọjọ́ ìbí	Ẹ ọjọ ibi	remove_only_accents_and_any_random_word	greetings
Ẹ kú ọdún tuntun	E ku odun tuntun	remove_accents_and_underdots	greetings
Ẹ kú ọdún kérésì	Ẹ ku keresi ọdun	remove_only_accents_and_swap_word	greetings
Ẹ pẹ̀lẹ́	E pele	remove_accents_and_underdots	greetings
Ẹ má bìnú	Ẹ ma binu	remove_only_accents	greetings
Nítorí mi lẹ fi wá? ẹ kú àyẹ́sí mi.	Nitori mi le fi wa? e ku ayesi mi.	remove_accents_and_underdots	greetings
Ẹ kú àyẹ́sí ọmọ mi.	E ku ayesi omo mi.	remove_accents_and_underdots	greetings
Ǹjẹ́ a lè lọ kí àwọn bàbá yẹn kú àyẹ́sí wa?	Njẹ a le lọ ki awọn baba yẹn ku ayẹsi wa?	remove_only_accents	greetings
Kí ẹ rí i pé ẹ kì àwọn bàbá yẹn kú àyẹ́sí yín.	Ki ẹ ri i pe ẹ ki awọn baba yẹn ku ayẹsi yin.	remove_only_accents	greetings
Kání mo mọ̀, n ò bá ti kí wọn kú àyẹ́sí.	Kani mo mo, n o ba ti ki won ku ayesi.	remove_accents_and_underdots	greetings
Ìyá Ṣọlá, ẹ mà kú ìnáwó.	Iya Sola, e ma ku inawo.	remove_accents_and_underdots	greetings
Ọkọ ìyàwó àti ìyàwó ló yẹ kí o kí kú ìnáwó.	Ọkọ iyawo ati iyawo lo yẹ ki o ki inawo. ku	remove_only_accents_and_swap_word	greetings
Bàbá rẹ̀ mà kú ìnáwó.	Baba re ma ku inawo.	remove_accents_and_underdots	greetings
Ǹjẹ́ o ti kí wọn kú ìnáwó?	Njẹ ti ki wọn ku inawo?	remove_only_accents_and_any_random_word	greetings
Mo fẹ́ lọ kí bàbá mi pé wọ́n kú ìnáwó.	Mo fe lo ki baba mi pe won ku inawo.	remove_accents_and_underdots	greetings
Ìya olóyún, ẹ kú ìkúnra o.	Iya oloyun, e ku ikunra o.	remove_accents_and_underdots	greetings
O ti lóyún? O kú ìkúnra.	O ti loyun? O ku ikunra.	remove_only_accents	greetings
Olúwa ṣeun, ẹ kú ìkúnra.	Oluwa ṣeun, ku ikunra.	remove_only_accents_and_any_random_word	greetings
Ẹ kú ìkúnra o, àsọ̀kalẹ̀ ayọ̀.	E ku ikunra o, asokale ayo.	remove_accents_and_underdots	greetings
Ẹ kú oríire ìya Bùsáyọ̀, ẹ kú ìkúnra.	Ẹ ku oriire iya Busayọ, ẹ ku ikunra.	remove_only_accents	greetings
Ẹ káàsán níbí o, ẹ sì kú ìgbúròó.	Ẹ kaasan nibi o, ẹ si igburoo.	remove_only_accents_and_any_random_word	greetings
Ẹ kú àmójúbà, ẹ sì kú ìgbúròó.	Ẹ ku amojuba, ẹ si igburoo.	remove_only_accents_and_any_random_word	greetings
Àwọn àna yín ti dé! Ẹ kú ìbúròó.	Awọn ana yin ti de! Ẹ ku iburoo.	remove_only_accents	greetings
Ẹ kú ìgbúròó bàbá, ọmọ yín ti kọ̀wé ránṣẹ́.	E ku igburoo baba, omo yin ti kowe ranse.	remove_accents_and_underdots	greetings
Ẹ kú ìgburòó àwọn ará Ọ̀yọ́.	E ku igburoo awon ara Oyo.	remove_accents_and_underdots	greetings
Ẹ jẹ jẹ́ ká kí ara wa kú ọrọ̀ ara wa.	E je je ka ki ara wa ku oro ara wa.	remove_accents_and_underdots	greetings
Ẹ kú ìdìde, a kú ọrọ̀ ara wa.	Ẹ ku idide, a ku ọrọ ara wa.	remove_only_accents	greetings
Ẹ ṣeun bàba Bọlá, a kú ọrọ̀ ara wa.	E seun baba Bola, a ku oro ara wa.	remove_accents_and_underdots	greetings
Mo dúpẹ́ gidi gan lọ́wọ́ gbogbo yín, a kú ọrọ̀ ara wa.	Mo dupẹ gidi gan lọwọ gbogbo yin, ọrọ ku a ara wa.	remove_only_accents_and_swap_word	greetings
Ẹ ṣeun tí ẹ ṣúgbà mi, a sì kú ọrọ̀ ara wa.	E seun ti e sugba mi, a si ku oro ara wa.	remove_accents_and_underdots	greetings
A kú àtẹ̀mọ́rá ẹ̀yin ọmọ ẹgbẹ́!	ẹgbẹ! ku atẹmọra ẹyin ọmọ A	remove_only_accents_and_swap_word	greetings
Ẹ pẹ̀lẹ́, ẹ kú àtẹ̀mọ́ra.	E pele, e ku atemora.	remove_accents_and_underdots	greetings
Ẹ kú àtẹ̀mọ́ra o, a ò ní rí irú ẹ̀ mọ́.	Ẹ ku o, a o ni ri iru ẹ mọ.	remove_only_accents_and_any_random_word	greetings
Gbogbo ará ìlú ní kí a kíi yín kú àtẹ̀mọ́ra.	Gbogbo ara ilu ni ki a kii yin ku atẹmọra.	remove_only_accents	greetings
Ẹ̀yin la wá kí, ẹ kú àtẹ̀mọ́ra.	Eyin la wa ki, e ku atemora.	remove_accents_and_underdots	greetings
A kíi yín o, ẹ kú àṣẹ̀yìndè.	A kii yin o, e ku aseyinde.	remove_accents_and_underdots	greetings
Mo ṣẹ̀ṣẹ̀ gbọ́ ikú rẹ̀ ni, ẹ kú àṣẹ̀yìndè.	Mo sese gbo iku re ni, e ku aseyinde.	remove_accents_and_underdots	greetings
Ẹ kú àṣẹ̀yìnde bàba yín.	E ku aseyinde baba yin.	remove_accents_and_underdots	greetings
Mo bá a yín kẹ́dùn, ẹ kú àṣẹ̀yìndè ìya yín.	Mo ba a yin kẹdun, ẹ ku aṣẹyinde iya yin.	remove_only_accents	greetings
Ẹ kú àṣẹ̀yìndè, ọdún ájínà síra.	E ku aseyinde, odun ajina sira.	remove_accents_and_underdots	greetings
Báwo ni Báyọ̀? ẹ kú ìdèlé bàba yín.	Bawo ni Bayọ? ẹ idele baba yin.	remove_only_accents_and_any_random_word	greetings
Ẹ kú ìdèlé, a ò ní rí irú rẹ̀ mọ́.	E ku idele, a o ni ri iru re mo.	remove_accents_and_underdots	greetings
Ẹ bá mi kí wọn kú ìdèlé.	E ba mi ki won ku idele.	remove_accents_and_underdots	greetings
Ẹ kú ìdèlé o ẹ̀yin ẹbí, odún á jínà síra o.	E ku idele o eyin ebi, odun a jina sira o.	remove_accents_and_underdots	greetings
Ẹ kú ìdèle ẹni ire tó fayé sílẹ̀.	E ku idele eni ire to faye sile.	remove_accents_and_underdots	greetings
Ẹ kú ìtọ́jú màmá, báwo lara wọ́n?	Ẹ ku itọju mama, bawo lara wọn?	remove_only_accents	greetings
Ẹ kú ìtọ́jú, ọlọ́run á mú wọn lára dá.	E ku itoju, olorun a mu won lara da.	remove_accents_and_underdots	greetings
Ẹ ṣeun ìya agbẹ̀bí, ẹ kú ìtọ́jú.	E seun iya agbebi, e ku itoju.	remove_accents_and_underdots	greetings
Ṣé ara ọkọ yín balẹ̀? Ẹ kú ìtọ́jú o.	Ṣe ara ọkọ yin balẹ? Ẹ ku itọju	remove_only_accents_and_any_random_word	greetings
Ẹ kú ìtọ́jú ọmọ yín.	E ku itoju omo yin.	remove_accents_and_underdots	greetings
Ẹ kú oríire, ẹ sì kú etígọ̀ọ́.	E ku oriire, e si ku etigoo.	remove_accents_and_underdots	greetings
Mo bá a yín yọ̀ o, ẹ kú etígbọ̀ọ́.	Mo ba a yin ẹ o, yọ ku etigbọọ.	remove_only_accents_and_swap_word	greetings
Ìròyin ayọ̀ leléyìí o, ẹ kú etígbọ̀ọ́.	Iroyin ayo leleyii o, e ku etigboo.	remove_accents_and_underdots	greetings
Ẹ kú etígọ̀ọ́ ìya Doyin.	E ku etigoo iya Doyin.	remove_accents_and_underdots	greetings
Ẹ kú etígbọ̀ọ́, ayọ̀ náà á kárí.	E ku etigboo, ayo naa a kari.	remove_accents_and_underdots	greetings
Ẹ ti ń jẹun ìyẹn, ara ire yóò gbà á.	Ẹ ti n jẹun iyẹn, ara ire yoo gba a.	remove_only_accents	greetings
Ẹ kú ìgbádùn o, ara ire yóò gbà á.	E ku igbadun o, ara ire yoo gba a.	remove_accents_and_underdots	greetings
Ẹ kú àpèjẹ o, ara ire yóò gbà á.	Ẹ ku apejẹ o, ara ire yoo gba a.	remove_only_accents	greetings
Ẹ kú àsè, ara ire yóò gbà á.	Ẹ ku ase, ara ire yoo gba	remove_only_accents_and_any_random_word	greetings
Mo bá a yín re, ara ire yóò gbà á.	Mo ba a yin re, ara ire yoo gba a.	remove_accents_and_underdots	greetings
Ó dígbà o, ẹ ṣe jẹ́jẹ́ o.	O digba o, ẹ ṣe jẹjẹ o.	remove_only_accents	greetings
A ti ń lọ o, ó dígbà o.	A ti n lo o, o digba o.	remove_accents_and_underdots	greetings
Ó dígbà o, ẹ kí gbogbo ilé o.	O o, ẹ ki gbogbo ile o.	remove_only_accents_and_any_random_word	greetings
Ódígbà ẹ̀yin ọ̀rẹ́, à ó tùn máa ríra.	Odigba eyin ore, a o tun maa rira.	remove_accents_and_underdots	greetings
Ó dígbà o, kọ́lọ́hun má kọ àtúnrí wa.	O digba o, kolohun ma ko atunri wa.	remove_accents_and_underdots	greetings
Mo dúpẹ́ gigi gan ni, ẹ ṣe é.	Mo dupe gigi gan ni, e se e.	remove_accents_and_underdots	greetings
Ẹ ṣe é ìya Bùkúnmi, ẹ kú ìdìde.	idide. ṣe e iya Bukunmi, ẹ ku Ẹ	remove_only_accents_and_swap_word	greetings
Ẹ ṣe é ẹ̀yin ará ìlú, ẹ kú àtìlẹyìn mi.	Ẹ ṣe e ẹyin ara ilu, ẹ ku atilẹyin mi.	remove_only_accents	greetings
Bá mi kí wọn o, wọ́n ṣe é o.	Ba ki wọn o, wọn ṣe e o.	remove_only_accents_and_any_random_word	greetings
Wọ́n ní pé ẹ ṣé o.	Won ni pe e se o.	remove_accents_and_underdots	greetings
Ó dàárọ̀ o, Ọlọ́hun a jíwa re.	O daarọ o, Ọlọhun a jiwa re.	remove_only_accents	greetings
Ó dàárọ̀ ẹ̀yin ará, a ó ríra lọ́la.	O daaro eyin ara, a o rira lola.	remove_accents_and_underdots	greetings
Mò ń lọ sùn, ó dàárọ̀.	Mo n lo sun, o daaro.	remove_accents_and_underdots	greetings
Ilẹ̀ ti ṣú, ó dàárọ̀.	Ile ti su, o daaro.	remove_accents_and_underdots	greetings
Mò ń wọlé lọ sùn, ó dàárọ̀.	Mo n wole lo sun, o daaro.	remove_accents_and_underdots	greetings
Ó dábọ̀ ẹ̀yin akẹ́kọ̀ọ́.	dabọ ẹyin akẹkọọ.	remove_only_accents_and_any_random_word	greetings
A tí lọ o, ó dábọ̀.	A ti lọ o, o dabọ.	remove_only_accents	greetings
Ẹ má pẹ̀ o, ó dábọ̀.	E ma pe o, o dabo.	remove_accents_and_underdots	greetings
Ó dábọ̀, ẹ tètè dé o.	O dabo, e tete de o.	remove_accents_and_underdots	greetings
A ti fẹ bọ́ sọ́nà, ó dábọ̀.	A ti fe bo sona, o dabo.	remove_accents_and_underdots	greetings
Ẹ kú oríre òní, ẹ sì kú ọjọ́ ìbí.	Ẹ orire oni, ẹ si ku ọjọ ibi.	remove_only_accents_and_any_random_word	greetings
O kú ọjọ́ ìbí, ẹ̀mí rẹ ó ṣe púpọ̀ ọdún láyé.	O ku ojo ibi, emi re o se pupo odun laye.	remove_accents_and_underdots	greetings
Ẹ kú ọjọ́ ìbí, ẹ ò ní fi ọdún yìí ṣe àṣemọ.	Ẹ ku ni ibi, ẹ o ọjọ fi ọdun yii ṣe aṣemọ.	remove_only_accents_and_swap_word	greetings
Ẹ kú ọjọ́ ìbí bàbá Àjàní, ẹ ò ní kúkú òjijì.	E ku ojo ibi baba Ajani, e o ni kuku ojiji.	remove_accents_and_underdots	greetings
Bá mi kí Àyọ̀ká pé ó kú ọjọ́ ìbí.	Ba mi pe Ayọka ki o ku ọjọ ibi.	remove_only_accents_and_swap_word	greetings
A kú ọdún tuntun o, ọ̀pọ rẹ̀ la ó ṣe láyé.	A ku ọdun tuntun o, ọpọ rẹ la o ṣe laye.	remove_only_accents	greetings
A kú ọdún tuntun, màá ríi yín níwòyí ẹ̀míì.	A ku odun tuntun, maa rii yin niwoyi emii.	remove_accents_and_underdots	greetings
A kú ọdún tuntun, àṣèyí ṣàmọ́dún.	A ku odun tuntun, aseyi samodun.	remove_accents_and_underdots	greetings
A kú ọdún tuntun bàba Bọ́sẹ̀, ojú á máa rọ́dún.	A baba ọdun tuntun ku Bọsẹ, oju a maa rọdun.	remove_only_accents_and_swap_word	greetings
Ẹ kú oríire ẹ̀yin ará, a kú ọdún tuntun.	E ku oriire eyin ara, a ku odun tuntun.	remove_accents_and_underdots	greetings
Ẹ kú ọdún kérésì o, a ó ṣẹ̀míì.	E ku odun keresi o, a o semii.	remove_accents_and_underdots	greetings
A kú oríire, a dẹ̀ kú ọdún kérésì.	oriire, ku A a dẹ ku ọdun keresi.	remove_only_accents_and_swap_word	greetings
Bá mi kí bàbá pé wọ́n kú ọdún kérésì.	Ba mi ki baba pe wọn ku ọdun keresi.	remove_only_accents	greetings
Ọdún yìí ò yẹ̀, ẹ kú ọdún kérésì.	Odun yii o ye, e ku odun keresi.	remove_accents_and_underdots	greetings
Òní lọjọ́ ìbi Jésù, a kú ọdún kérésì.	Oni lọjọ ibi Jesu, a ọdun keresi.	remove_only_accents_and_any_random_word	greetings
Ẹ pẹ̀lé, ṣé ẹ ò ṣèṣe?	E pele, se e o sese?	remove_accents_and_underdots	greetings
Bá mi kí wọn pẹ̀lẹ́.	Ba mi ki won pele.	remove_accents_and_underdots	greetings
Ẹ pẹ̀lẹ́, ẹ sì kú ìtọ́jú.	E pele, e si ku itoju.	remove_accents_and_underdots	greetings
Ẹ pẹ̀lẹ́, Ṣé ẹ ò ṣubú ṣá?	Ẹ pẹlẹ, Ṣe ẹ o ṣubu ṣa?	remove_only_accents	greetings
Pẹ̀lẹ́ Bámiró, ṣé ará balẹ̀?	Pẹlẹ Bamiro, ara balẹ?	remove_only_accents_and_any_random_word	greetings
Ó ṣééṣì ni, ẹ má bìnú.	O ṣeeṣi ni, ẹ ma binu.	remove_only_accents	greetings
Mo bẹ̀ yín, ẹ má bìnú sími.	Mo bẹ yin, ẹ ma binu simi.	remove_only_accents	greetings
Bẹ̀ wọ́n kí o sì sọ fún wọ́n pé kí wọ́n má bìnú.	Be won ki o si so fun won pe ki won ma binu.	remove_accents_and_underdots	greetings
Ìdọ̀bálẹ̀ ni mo wà, ẹ má bìnú.	Idobale ni mo wa, e ma binu.	remove_accents_and_underdots	greetings
Ẹ má bìnú sími, iṣẹ́ èṣù ni.	E ma binu simi, ise esu ni.	remove_accents_and_underdots	greetings
Ẹ káàrọ̀	E kaaro	remove_accents_and_underdots	greetings
Ẹ káàsán	E kaasan	remove_accents_and_underdots	greetings
Ẹ káalẹ́	Ẹ kaalẹ	remove_only_accents	greetings
Àgò onílé	Ago onile	remove_accents_and_underdots	greetings
Ẹ kú ìkàlẹ̀	E ku ikale	remove_accents_and_underdots	greetings
Ẹ kú ìdúró	Ẹ ku iduro	remove_only_accents	greetings
Ẹ kú iwájú	E ku iwaju	remove_accents_and_underdots	greetings
Ọkọ̀ á rẹ̀fó	Ọkọ a	remove_only_accents_and_any_random_word	greetings
Ọkọ̀’re lẹ̀ ó wọ̀ o	Oko’re le o wo o	remove_accents_and_underdots	greetings
Àlọ yóò dára, àbọ̀ yóò dùn	Alo yoo dara, abo yoo dun	remove_accents_and_underdots	greetings
Àjọ kò tú o	Ajọ ko tu	remove_only_accents_and_any_random_word	greetings
Ẹ máa kálọ	E maa kalo	remove_accents_and_underdots	greetings
Àsùn jí	Asun ji	remove_accents_and_underdots	greetings
Ajé yóò dí i	Aje yoo di i	remove_accents_and_underdots	greetings
Mo mọ̀ ọ́n rìn	Mo ọn rin	remove_only_accents_and_any_random_word	greetings
Mo báa yín re	Mo baa yin re	remove_accents_and_underdots	greetings
Ẹ rè wá o	Ẹ re wa o	remove_only_accents	greetings
Àdélé báre	Adele bare	remove_accents_and_underdots	greetings
Ẹ kú ìdìde	E ku idide	remove_accents_and_underdots	greetings
Ẹ kú ọlá	E ku ola	remove_accents_and_underdots	greetings
Ẹ kú àrótí	E ku aroti	remove_accents_and_underdots	greetings
Ẹlẹ́dàá yóò gba aájò	Eledaa yoo gba aajo	remove_accents_and_underdots	greetings
Ẹ kú ọ̀rọ̀ èèyàn	E ku oro eeyan	remove_accents_and_underdots	greetings
Ẹ kú ìfẹ́	ku ifẹ	remove_only_accents_and_any_random_word	greetings
Ayọ̀ lẹ ó fi gbà á	Ayọ lẹ o fi gba a	remove_only_accents	greetings
Ẹ kú làásìgbò	E ku laasigbo	remove_accents_and_underdots	greetings
Ẹ̀yìn ìyàwó kò ní mọ ẹni	Ẹyin ko ni mọ ẹni	remove_only_accents_and_any_random_word	greetings
Òwò èrè ni Ọlọ́run yóò pè é	Owo ere ni Olorun yoo pe e	remove_accents_and_underdots	greetings
Ẹ kú àkẹ́nù	E ku akenu	remove_accents_and_underdots	greetings
Àwòdì, o kú ewu	Awodi, o ku ewu	remove_accents_and_underdots	greetings
Ẹ kú àjàlà	Ẹ ku ajala	remove_only_accents	greetings
Ọlọ́run yóò fi òfò ra ẹ̀mí	Olorun yoo fi ofo ra emi	remove_accents_and_underdots	greetings
Omi ló dànù, Ọlọ́run kò ní jẹ́ kí agbè ó fọ́	Omi lo danu, Olorun ko ni je ki agbe o fo	remove_accents_and_underdots	greetings
Ẹ kú bí Ọlọ́run ti wí	E ku bi Olorun ti wi	remove_accents_and_underdots	greetings
Ọlọ́run yóò ti ìlẹ̀kùn ìbànújẹ	Olorun yoo ti ilekun ibanuje	remove_accents_and_underdots	greetings
Ẹ kú àtẹ̀yìnkú	E ku ateyinku	remove_accents_and_underdots	greetings
Ẹ kú àyọ́lọ	E ku ayolo	remove_accents_and_underdots	greetings
Ẹ kú ọdún	Ẹ ku	remove_only_accents_and_any_random_word	greetings
Ẹ kú ìyèdún	E ku iyedun	remove_accents_and_underdots	greetings
Ọdún ó ya abo	Ọdun o ya	remove_only_accents_and_any_random_word	greetings
Ẹ kú ìpalẹ̀mọ́ ọdún	E ku ipalemo odun	remove_accents_and_underdots	greetings
Ẹ kú ọ̀gbẹlẹ̀	E ku ogbele	remove_accents_and_underdots	greetings
Ẹ kú ọ̀dá yìi	E ku oda yii	remove_accents_and_underdots	greetings
Ẹ kú ọ̀gìnnìtì	Ẹ ọginniti ku	remove_only_accents_and_swap_word	greetings
Ẹ kú òtútù yìi	E ku otutu yii	remove_accents_and_underdots	greetings
Ẹ kú ìgbà tó dé	Ẹ ku igba to	remove_only_accents_and_any_random_word	greetings
Ẹ kú àsìkò yìí	E ku asiko yii	remove_accents_and_underdots	greetings
Kí Ọlọ́run má kọ àtúnrí	Ki Olorun ma ko atunri	remove_accents_and_underdots	greetings
Ìpàdé wa bíi oyin	Ipade wa bii oyin	remove_only_accents	greetings
Ọlọ́run kò ní ṣe èyí láṣe mọ	Olorun ko ni se eyi lase mo	remove_accents_and_underdots	greetings
Ẹ kú oyè	Ẹ ku oye	remove_only_accents	greetings
Ẹ kú ewu	E ku ewu	remove_accents_and_underdots	greetings
Mo yọ̀ fún ọ	Mo yọ fun	remove_only_accents_and_any_random_word	greetings
Ayọ̀ abara tíntín	abara Ayọ tintin	remove_only_accents_and_swap_word	greetings
Ẹ kú ọwọ́ lómi	E ku owo lomi	remove_accents_and_underdots	greetings
Àsùn wú o	Asun wu o	remove_accents_and_underdots	greetings
Ẹ kú ará fẹ́ra kù	E ku ara fera ku	remove_accents_and_underdots	greetings
Àrokobọ́dún dé	Arokobodun de	remove_accents_and_underdots	greetings
Àrọyè o	Arọye o	remove_only_accents	greetings
Àrìnpa	Arinpa	remove_only_accents_and_swap_word	greetings
Asogun aro o	Asogun aro o	remove_accents_and_underdots	greetings
Ojúgboro o	Ojugboro o	remove_accents_and_underdots	greetings
Àhunlà o	Ahunla o	remove_accents_and_underdots	greetings
Àbọrúbọyè	Abọrubọye	remove_only_accents_and_swap_word	greetings
Ọlọsẹ yóò gbà á o	Ọlọsẹ yoo gba a o	remove_only_accents	greetings
Ajé rere yóò wọgbá	Aje rere yoo wogba	remove_accents_and_underdots	greetings
Àdẹpa o!	Adepa o!	remove_accents_and_underdots	greetings
Kádé pẹ́ lórí; Kí bàtà pẹ́ lésẹ̀	Kade pe lori; Ki bata pe lese	remove_accents_and_underdots	greetings
Àjẹgbó, àjẹtọ́, àjẹpẹ́	Ajẹgbo, ajẹpẹ ajẹtọ,	remove_only_accents_and_swap_word	greetings
Ẹ kú ìbà o	Ẹ ku iba o	remove_only_accents	greetings
Àrẹpọ́n	Arẹpọn	remove_only_accents_and_any_random_word	greetings
Àmọyè o	Amoye o	remove_accents_and_underdots	greetings
Ẹmu á ṣẹ̀ o	Ẹmu a ṣẹ o	remove_only_accents	greetings
Mo kọ́ta, mo kópè	Mo kọta, mo kope	remove_only_accents	greetings
Àwẹ̀lú o	Awelu o	remove_accents_and_underdots	greetings
Ẹ kú atótónu	Ẹ atotonu	remove_only_accents_and_any_random_word	greetings
Ẹ kú ọjọ́ mẹ́ta	E ku ojo meta	remove_accents_and_underdots	greetings
Ẹ kú dédé ìwòyí	Ẹ ku iwoyi	remove_only_accents_and_any_random_word	greetings
Ẹ kú ìjókò	E ku ijoko	remove_accents_and_underdots	greetings
Ọwọ́ á dẹ o	Owo a de o	remove_accents_and_underdots	greetings
Ẹ kú aráfẹ́rakù	E ku araferaku	remove_accents_and_underdots	greetings
Ẹ kú òǹgbẹ	ku ongbẹ	remove_only_accents_and_any_random_word	greetings
Ẹ káàbọ̀	E kaabo	remove_accents_and_underdots	greetings
Ẹ kú ìpàdé	E ku ipade	remove_accents_and_underdots	greetings
Ẹ kú àìgbàgbé	E ku aigbagbe	remove_accents_and_underdots	greetings
Ẹ kú bọ́jọ́ ṣe rí	E ku bojo se ri	remove_accents_and_underdots	greetings
Ẹ kú bó ṣe ń lọ	E ku bo se n lo	remove_accents_and_underdots	greetings
Igbà á ro	Igba a ro	remove_accents_and_underdots	greetings
Àrẹdú o	Aredu o	remove_accents_and_underdots	greetings
Ẹ kú òde	E ku ode	remove_accents_and_underdots	greetings
Ẹ kú ìyálẹ̀ta	Ẹ iyalẹta ku	remove_only_accents_and_swap_word	greetings
Ẹ kú kó lè da	E ku ko le da	remove_accents_and_underdots	greetings
Ẹ kú ìlú	E ku ilu	remove_accents_and_underdots	greetings
Ẹ kú gbogbo ìgbà	E ku gbogbo igba	remove_accents_and_underdots	greetings
Ẹ kú ọrọ̀ ìlú	ku ọrọ ilu	remove_only_accents_and_any_random_word	greetings
Ẹ kú àdúrà	E ku adura	remove_accents_and_underdots	greetings
Ẹ kú odò	ku odo	remove_only_accents_and_any_random_word	greetings
Ẹ kú ọwọ́ lómi	Ẹ ku ọwọ	remove_only_accents_and_any_random_word	greetings
Ẹ kú ọjọ́ gbọọrọ	E ku ojo gbooro	remove_accents_and_underdots	greetings
Ẹ kú ìdìde	Ẹ idide	remove_only_accents_and_any_random_word	greetings
Ẹ káàrọ̀ ẹ̀yin ọ̀rẹ́, gbogbo ile ńkó?	E kaaro eyin ore, gbogbo ile nko?	remove_accents_and_underdots	greetings
Ẹ káàrọ̀ olùkọ́, inú wa dùn láti ríi yín.	Ẹ kaarọ olukọ, inu wa dun lati rii yin.	remove_only_accents	greetings
Káàrọ̀ Túnjí, ṣé àlàáfíà ni?	Kaaro Tunji, se alaafia ni?	remove_accents_and_underdots	greetings
Mo kí gbogbo yín o, ẹ káàrọ̀!	Mo ki gbogbo o, ẹ kaarọ!	remove_only_accents_and_any_random_word	greetings
Ẹ káàrọ̀ bàbá, ara ò le bí?	Ẹ kaarọ baba, ara o le bi?	remove_only_accents	greetings
Ẹ káàsán gbogbo Ilé, oúnjẹ mi dà?	E kaasan gbogbo Ile, ounje mi da?	remove_accents_and_underdots	greetings
Ẹ kásàán ìyá àgbà, mo ti dé.	E kasaan iya agba, mo ti de.	remove_accents_and_underdots	greetings
Káàsán Abósẹ̀dé, ó tójọ́ mẹ́ta.	Kaasan Abosede, o tojo meta.	remove_accents_and_underdots	greetings
Ẹ káàsán awakọ̀, níbo lẹ̀ ń lọ?	E kaasan awako, nibo le n lo?	remove_accents_and_underdots	greetings
Ẹ káàsán ìya olóúnjẹ, kí lẹ ní?	Ẹ iya olounjẹ, ki lẹ ni?	remove_only_accents_and_any_random_word	greetings
Ẹ káalẹ́ níbí o, mo ń bèrè ẹnìkan ni.	E kaale nibi o, mo n bere enikan ni.	remove_accents_and_underdots	greetings
Káàlẹ Dáfídì, ǹjẹ́ o ti ṣetán?	Kaalẹ Dafidi, o ti ṣetan?	remove_only_accents_and_any_random_word	greetings
Ẹ káalẹ́ màámi, a ò tí ì jẹun alẹ́.	E kaale maami, a o ti i jeun ale.	remove_accents_and_underdots	greetings
Ẹ káalẹ́, ẹ káàbọ̀ sí ẹ̀kọ alẹ́.	E kaale, e kaabo si eko ale.	remove_accents_and_underdots	greetings
Ẹ káalẹ́, ìròyin alẹ́ la mú wá.	E kaale, iroyin ale la mu wa.	remove_accents_and_underdots	greetings
Àgò onílé, ṣé ká wọlé?	Ago onile, ṣe ka wọle?	remove_only_accents	greetings
Àgò ònílé, àlejò ń bọ̀ o	alejo onile, Ago n bọ o	remove_only_accents_and_swap_word	greetings
Àgò onílé, onírẹsì ń kíi yín.	Ago onile, oniresi n kii yin.	remove_accents_and_underdots	greetings
Àgò onílé, fàájì ń bẹ lóde.	Ago onile, faaji bẹ lode.	remove_only_accents_and_any_random_word	greetings
Àgò onílé, woléwolé ti dé.	Ago onile, wolewole ti de.	remove_accents_and_underdots	greetings
̣ kú ìkàlẹ̀ bàbá, ṣé wọ́n ti fún yín loúnjẹ?	 ku ikale baba, se won ti fun yin lounje?	remove_accents_and_underdots	greetings
Ẹ kú ìkàlẹ̀ ẹ̀yin ọ̀rẹ́, kí la tún rí gbọ́?	E ku ikale eyin ore, ki la tun ri gbo?	remove_accents_and_underdots	greetings
Ẹ kú ìkàlẹ̀ alàgbà, kẹ́ ẹ pẹ́ o.	Ẹ ku ikalẹ alagba, kẹ ẹ o. pẹ	remove_only_accents_and_swap_word	greetings
Ẹ kú ìkàlẹ̀ ẹ̀yin èro ọkọ̀, a á gúnlẹ̀ ayọ.	E ku ikale eyin ero oko, a a gunle ayo.	remove_accents_and_underdots	greetings
Ẹ kú ìkàlẹ̀ o, a mọ rírì yín.	E ku ikale o, a mo riri yin.	remove_accents_and_underdots	greetings
Ẹ kú ìdúró ẹ̀yin àgbàgbà, yóò dára.	E ku iduro eyin agbagba, yoo dara.	remove_accents_and_underdots	greetings
Ẹ kú ìdúró ẹ̀yin ọmọ ẹgbẹ́, ẹ jẹ́ á wọlé.	E ku iduro eyin omo egbe, e je a wole.	remove_accents_and_underdots	greetings
Ẹ kú ìdúró ẹ̀yin èyàn, a ó bẹ̀rẹ̀ láìpẹ́.	Ẹ ku iduro ẹyin eyan, a o bẹrẹ laipẹ.	remove_only_accents	greetings
Ẹ kú ìdúró olúyoko, à ń gbádùn iṣẹ́ yin.	Ẹ ku iduro oluyoko, a n gbadun iṣẹ yin.	remove_only_accents	greetings
Ẹ kú ìdúró, a tọrọ àforíjì fún pípẹ́ wa.	Ẹ ku iduro, a tọrọ aforiji fun pipẹ	remove_only_accents_and_any_random_word	greetings
Ẹ kú iwájú ìya wa, ṣé wọ́n ti bẹ̀rẹ̀?	E ku iwaju iya wa, se won ti bere?	remove_accents_and_underdots	greetings
E ti débí ṣá, ẹ kú iwájú o.	E ti debi sa, e ku iwaju o.	remove_accents_and_underdots	greetings
Ẹ kú iwáju,́ Ṣé a ò da yín dúró báyìí?	ku iwaju, Ṣe a o da yin duro bayii?	remove_only_accents_and_any_random_word	greetings
Ẹ kú iwájú, alága ńkọ́?	E ku iwaju, alaga nko?	remove_accents_and_underdots	greetings
Ẹ kú iwájú ìya Adéọlá, kí lẹ ti ṣe?	lẹ ku iwaju iya Adeọla, ki Ẹ ti ṣe?	remove_only_accents_and_swap_word	greetings
Ẹ ti ń lọ niyẹ́n? ọkọ̀ á rèfó o.	E ti n lo niyen? oko a refo o.	remove_accents_and_underdots	greetings
A ó ma fojú sónà láti ríi yín, ọkọ̀ á rẹ̀fó.	A o ma foju sona lati rii yin, ọkọ a rẹfo.	remove_only_accents	greetings
Ìyá, a ti ń lọ, ó dá a, ọkọ̀ á rèfó.	Iya, a ti n lo, o da a, oko a refo.	remove_accents_and_underdots	greetings
Ẹ ṣe jẹ́jẹ́ o, ọkọ̀ á rèfó.	E se jeje o, oko a refo.	remove_accents_and_underdots	greetings
Ẹ kílé o, ọkọ̀ á rèfó.	E kile o, oko a refo.	remove_accents_and_underdots	greetings
Wọ́n ní kí n kí yín pé ọkọ̀’re lẹ̀ ó wọ̀ o.	Wọn ni ki n ki yin pe ọkọre lẹ o wọ o.	remove_only_accents	greetings
Ẹ ń lọ ọjà lọ́la àbí? ọkọ̀’re lẹ̀ ó wọ̀ o.	wọ n lọ ọja lọla abi? ọkọre lẹ o Ẹ o.	remove_only_accents_and_swap_word	greetings
A fẹ́ rìnrìnàjò lọ́la o! ó dáa, Ọkọ̀’re lẹ̀ ó wọ̀ o.	A fẹ rinrinajo lọla o! o daa, Ọkọre lẹ o wọ o.	remove_only_accents	greetings
Ó dábọ̀ o, ọkọ̀’re lẹ̀ ó wọ̀ o.	O dabọ o, ọkọre lẹ o wọ o.	remove_only_accents	greetings
Ẹ ṣeun o, ọkọ̀’re lẹ̀ ó wọ̀ o.	E seun o, oko’re le o wo o.	remove_accents_and_underdots	greetings
Ẹ bá mi kí wọn lọ́hùn o, àlọ yóò dára, àbò yóò dùn.	E ba mi ki won lohun o, alo yoo dara, abo yoo dun.	remove_accents_and_underdots	greetings
Ẹ mú ǹkan bọ̀ o, àlọ yóò dára, àbọ̀ yóò dùn.	Ẹ mu nkan bọ o, yoo dara, abọ yoo dun.	remove_only_accents_and_any_random_word	greetings
Ẹ má pẹ̀ o, àlọ yóò dára, àbọ̀ yóò dùn.	Ẹ ma pẹ o, alọ yoo dara, abọ yoo dun.	remove_only_accents	greetings
Àlọ yóò dára, àbọ̀ yóò dùn, ẹ ò ní lọ àlọọ̀dé.	Alọ yoo dara, abọ yoo dun, o ni lọ alọọde.	remove_only_accents_and_any_random_word	greetings
Mi ò mọ̀ pé wọ́n ti gbéra, àlọ yóò dára, àbọ̀ yóò dùn.	Mi o mọ pe wọn ti gbera, alọ dun. dara, abọ yoo yoo	remove_only_accents_and_swap_word	greetings
Mo ti gbọ́ nípa ẹgbẹ́ tuntun náà, àjọ kò tú o.	Mo gbọ nipa ẹgbẹ tuntun naa, ajọ ko tu o.	remove_only_accents_and_any_random_word	greetings
Òní ni àjọ̀dún ẹgbẹ́ yín? Àjọ kò tú o.	Oni ajọdun ẹgbẹ yin? Ajọ ko tu o.	remove_only_accents_and_any_random_word	greetings
Mo kí gbogbo ọmọ ẹgbẹ́ o, àjọ kò tú o.	Mo ki gbogbo ọmọ ẹgbẹ o, ajọ ko tu o.	remove_only_accents	greetings
Àjọ kò tú, ọmọ ẹgbẹ́ á máa lé o.	Ajọ ko tu, ọmọ ẹgbẹ a maa le o.	remove_only_accents	greetings
Inú mi dùn wí pé ẹ gbàmí lálejò, àjọ kò tú o.	Inu mi dun wi pe e gbami lalejo, ajo ko tu o.	remove_accents_and_underdots	greetings
Àwá ti ṣetán ní tiwa o, ẹ máa kálọ.	Awa ṣetan ni tiwa o, ẹ maa kalọ.	remove_only_accents_and_any_random_word	greetings
A ti wà lóde o, ẹ máa kálọ.	A ti wa lode o, e maa kalo.	remove_accents_and_underdots	greetings
Ẹ máa kálọ níbi ìfinijoyè ọba tuntun.	Ẹ maa kalọ nibi ifinijoye ọba tuntun.	remove_only_accents	greetings
Ìpàdé ti yá nìyẹn o, ẹ máa kálọ.	Ipade ti ya niyen o, e maa kalo.	remove_accents_and_underdots	greetings
Mo ti fi ìwé àpèjẹ náà sílẹ̀ fun yín, ẹ máa kálọ.	Mo ti fi iwe apeje naa sile fun yin, e maa kalo.	remove_accents_and_underdots	greetings
Ọmọ náà ń sun. Mo gbọ́, àsùn jí.	Ọmọ naa n sun. Mo gbọ, asun ji.	remove_only_accents	greetings
Bàbá ṣì ń rẹjú kẹ̀? Àsùn ji ó.	ji ṣi n rẹju kẹ? Asun Baba o.	remove_only_accents_and_swap_word	greetings
Mo fẹ́ sun. ó dáa, àsùn jí.	Mo fe sun. o daa, asun ji.	remove_accents_and_underdots	greetings
Ó dàárọ̀ ẹ̀yin ọ̀rẹ́, àsùn jí.	O ọrẹ, ẹyin daarọ asun ji.	remove_only_accents_and_swap_word	greetings
Ẹ má pẹ̀ dé lọ́la o, àsùn jí.	E ma pe de lola o, asun ji.	remove_accents_and_underdots	greetings
Mo bá a yín dárò o, ajé yóò di.	Mo ba a yin daro o, aje yoo di.	remove_accents_and_underdots	greetings
Mo gbọ́ pé wọ́n já ìsọ yín, ajé yóò di.	Mo gbo pe won ja iso yin, aje yoo di.	remove_accents_and_underdots	greetings
Gbogbo rẹ̀ ti bàjẹ́ tán, ajé yóò di.	Gbogbo re ti baje tan, aje yoo di.	remove_accents_and_underdots	greetings
Ẹ má rò ó o, ajé yóò di.	E ma ro o o, aje yoo di.	remove_accents_and_underdots	greetings
Iná jó dúkìya yín kẹ̀? Ajé yóò di o.	Ina jo dukiya yin ke? Aje yoo di o.	remove_accents_and_underdots	greetings
Olóhun ṣeun, mo mọ̀ ọ́ rìn.	Olohun seun, mo mo o rin.	remove_accents_and_underdots	greetings
Pé mo bá a yín nídi oúnjẹ, mo mọ̀ ọ́ rin.	Pe mo ba a yin nidi ounje, mo mo o rin.	remove_accents_and_underdots	greetings
Mo mọ̀ ọ́ rìn, ẹ jọ̀wọ́ ẹ má lọ mọ́.	Mo mo o rin, e jowo e ma lo mo.	remove_accents_and_underdots	greetings
Ó ti ẹ̀ ti dá a, ẹ mọ̀ ọ́ rìn.	O ti e ti da a, e mo o rin.	remove_accents_and_underdots	greetings
A mọ̀ ọ́ rin, oúnjẹ ti jiná.	A mo o rin, ounje ti jina.	remove_accents_and_underdots	greetings
Kò sí àní-àní, mo báa yín re.	Ko si ani-ani, mo baa yin re.	remove_only_accents	greetings
Ẹ̀wà rè é, mo báa yín re.	Ẹwa re e, mo baa yin re.	remove_only_accents	greetings
Òkèlè lẹ̀ ń jẹ, mo báa yín re.	Okele le n je, mo baa yin re.	remove_accents_and_underdots	greetings
Àsìkò àtijẹun ti tó, mo báa yín re.	Asiko atijeun ti to, mo baa yin re.	remove_accents_and_underdots	greetings
Mo báa yín re, Ẹ gbé oúnjẹ tèmi náà wá.	Mo baa yin re, E gbe ounje temi naa wa.	remove_accents_and_underdots	greetings
Ẹ kú ìdúró baba! Ẹ rè wá o.	E ku iduro baba! E re wa o.	remove_accents_and_underdots	greetings
Ẹ kú ijókò ẹ̀yin ẹgbẹ́! Ẹ rè wá o.	E ku ijoko eyin egbe! E re wa o.	remove_accents_and_underdots	greetings
Ẹ kú àpérò o! Ẹ rè wá o.	ku Ẹ apero o! Ẹ re wa o.	remove_only_accents_and_swap_word	greetings
Àwá ń lọ o! ẹ rè wá o.	Awa o! lọ n ẹ re wa o.	remove_only_accents_and_swap_word	greetings
Ẹ kú ìkàlẹ̀! Ẹ rè wá o.	E ku ikale! E re wa o.	remove_accents_and_underdots	greetings
Ẹ kú ìdìde o, àdélé báre o.	E ku idide o, adele bare o.	remove_accents_and_underdots	greetings
Ẹ kú àyẹ́sí o, àdélé báre.	E ku ayesi o, adele bare.	remove_accents_and_underdots	greetings
Ẹ kí àwọn ọmọ o, àdélé báre.	E ki awon omo o, adele bare.	remove_accents_and_underdots	greetings
Àdélé báre  ọlọ́hun ò ní kọ àtúnrí wa o.	Adele bare  ọlọhun o ni kọ atunri wa o.	remove_only_accents	greetings
A mọ rírì yín o, àdélé báre.	A mo riri yin o, adele bare.	remove_accents_and_underdots	greetings
Ẹ kú ìdìde, tiyín náà á dé.	E ku idide, tiyin naa a de.	remove_accents_and_underdots	greetings
Gbogbo yín la kí o, ẹ kú ìdìde.	Gbogbo la ki o, ẹ ku idide.	remove_only_accents_and_any_random_word	greetings
Ṣé pẹ́yin náà wá? Ẹ kú ìdìde.	Ṣe pẹyin naa wa? Ẹ ku idide.	remove_only_accents	greetings
Ẹ kú ìdìde, ire á kárí.	E ku idide, ire a kari.	remove_accents_and_underdots	greetings
Ẹ kú ìdìde, ọkọ̀ á réfò.	Ẹ ku refo. ọkọ a idide,	remove_only_accents_and_swap_word	greetings
Ìgbádùn lẹ wà o, ẹ kú ọlá.	Igbadun le wa o, e ku ola.	remove_accents_and_underdots	greetings
Ẹ kú ọlá o baba!	ku ọla o baba!	remove_only_accents_and_any_random_word	greetings
Ìhàyín lẹ wà? Ẹ kú ọlá.	Ihayin le wa? E ku ola.	remove_accents_and_underdots	greetings
Olúwaà mi o, ẹ kú ọlá.	mi o, ẹ ku ọla.	remove_only_accents_and_any_random_word	greetings
Ẹ kú ọlá bàba olóyè.	Ẹ ọla baba oloye.	remove_only_accents_and_any_random_word	greetings
Ẹ kú àrótì, a ò ní rí irú rẹ̀ mọ́.	E ku aroti, a o ni ri iru re mo.	remove_accents_and_underdots	greetings
Ìyá Adé ẹ ṣeun, ẹ kú àrótì mi.	Iya Ade e seun, e ku aroti mi.	remove_accents_and_underdots	greetings
Adúpẹ́, ẹ kú àrótì.	Adupe, e ku aroti.	remove_accents_and_underdots	greetings
Ẹ ṣeun, ẹ kú àrótì mi, ire là ó má rí o.	E seun, e ku aroti mi, ire la o ma ri o.	remove_accents_and_underdots	greetings
Bísí ó ṣeun ó ku àrótì mi, ọmọ yóò tọ́jú ẹ.	Bisi o seun o ku aroti mi, omo yoo toju e.	remove_accents_and_underdots	greetings
Ẹ kù ìnáwó, Ẹlẹ́dàá yóò gbà áàjọ̀.	Ẹ ku inawo, Ẹlẹdaa yoo gba	remove_only_accents_and_any_random_word	greetings
Ẹ kú ṣíṣe òní o, Ẹlẹ́dàá yóò gbà áàjọ̀ o.	E ku sise oni o, Eledaa yoo gba aajo o.	remove_accents_and_underdots	greetings
Pẹ̀lẹ́, Ẹlẹ́dàá yóò gbà áàjọ̀ rẹ.	Pele, Eledaa yoo gba aajo re.	remove_accents_and_underdots	greetings
Ẹ kú àfokànsìn, Ẹlẹ́dàá yóò gbà áàjọ̀.	Ẹ ku afokansin, Ẹlẹdaa gba yoo aajọ.	remove_only_accents_and_swap_word	greetings
Ẹ kú àdúrà, Ẹlẹ́dàá yóò gbà áàjọ̀.	Ẹ ku adura, yoo gba aajọ.	remove_only_accents_and_any_random_word	greetings
Ẹ kù ọ̀rọ̀ ènìyàn tí bàbá àgbà o.	Ẹ ku ọrọ eniyan ti baba agba o.	remove_only_accents	greetings
Ẹ kú ọ̀rọ̀ ènìyàn, a ò ní rí irú rẹ̀ mọ́ o.	E ku oro eniyan, a o ni ri iru re mo o.	remove_accents_and_underdots	greetings
Ẹ kú àtẹ̀mọ́ra, ẹ sì kú ọ̀rọ̀ ènìyàn.	Ẹ ku atẹmọra, ẹ si ku ọrọ eniyan.	remove_only_accents	greetings
Ẹ kú ọ̀rọ̀ ènìyàn, ọjọ́ yóò jìn síra.	E ku oro eniyan, ojo yoo jin sira.	remove_accents_and_underdots	greetings
Bọlá pẹ̀lẹ́!, ó sì kú ọ̀rọ̀ ènìyàn.	Bola pele!, o si ku oro eniyan.	remove_accents_and_underdots	greetings
Ẹ pẹ̀lẹ́ níbè yẹn, ẹ sì kú ìfẹ́.	E pele nibe yen, e si ku ife.	remove_accents_and_underdots	greetings
Ẹ ṣeun àná, ẹ sì kú ìfẹ́.	E seun ana, e si ku ife.	remove_accents_and_underdots	greetings
Ẹ kú ìfẹ́ wá ìgbà gbogbo.	Ẹ ku ifẹ igba gbogbo.	remove_only_accents_and_any_random_word	greetings
Ẹ kú ìfẹ́, Ire là ó má bá ara wa ṣe.	Ẹ ku ifẹ, Ire la ma ba ara wa ṣe.	remove_only_accents_and_any_random_word	greetings
Ẹ kú ìfẹ́ ati ànawọ́sí àná.	E ku ife ati anawosi ana.	remove_accents_and_underdots	greetings
Ìyá Bísí ṣeun àná, ayo ni yóò fi gbà á.	Iya Bisi seun ana, ayo ni yoo fi gba a.	remove_accents_and_underdots	greetings
Gbogbo ẹgbẹ́, mo dúpẹ́ gidi ó, ayọ̀ lè ó fi gbà á.	Gbogbo egbe, mo dupe gidi o, ayo le o fi gba a.	remove_accents_and_underdots	greetings
Ayọ̀ lè ó fi gba gbogbo oore yín o.	Ayọ le o fi gbogbo oore yin o.	remove_only_accents_and_any_random_word	greetings
Ayọ̀ lè ó fi gba gbogbo ìṣe rere yín láṣẹ Èdùmàrè.	Ayo le o fi gba gbogbo ise rere yin lase Edumare.	remove_accents_and_underdots	greetings
Kunle gbìyànjú níbi ìnáwó àná rẹ, ayọ̀ ni yóò fi gba ìṣe rẹ gbogbo.	Kunle gbiyanju nibi inawo ana re, ayo ni yoo fi gba ise re gbogbo.	remove_accents_and_underdots	greetings
Ah! eléyìí máa lé  o, ẹ kú làásìgbò.	Ah! eleyii maa le  o, e ku laasigbo.	remove_accents_and_underdots	greetings
Ẹ kú ọ̀rọ̀ ènìyàn, ẹ sì kú làásìgbò yìí.	E ku oro eniyan, e si ku laasigbo yii.	remove_accents_and_underdots	greetings
Ẹ pẹ̀lẹ́, ẹ kú làásìgbò.	pẹlẹ, ẹ ku laasigbo.	remove_only_accents_and_any_random_word	greetings
Ẹ kú làásìgbò àwọn ará òkè Ọya.	Ẹ ku laasigbo Ọya. ara oke awọn	remove_only_accents_and_swap_word	greetings
Ẹ kú làásìgbò, Elédùmarè yóò tù yín lára.	E ku laasigbo, Eledumare yoo tu yin lara.	remove_accents_and_underdots	greetings
Ẹ kú oríire, ẹ̀yìn ìyàwó kò ní mọ ẹni.	E ku oriire, eyin iyawo ko ni mo eni.	remove_accents_and_underdots	greetings
Ẹ kú oríire ìgbáyàwo ọmọ yín, ẹyin ìyàwó kò ní mọ ẹni lágbára Ọlọ́run.	Ẹ ku oriire igbayawo ọmọ yin, ẹyin iyawo ko ni mọ ẹni lagbara Ọlọrun.	remove_only_accents	greetings
Ẹ̀yin ìyàwó kò ní mo ẹni, yóò bísun, bíwàlẹ̀ o.	Eyin iyawo ko ni mo eni, yoo bisun, biwale o.	remove_accents_and_underdots	greetings
Ìyá gbàdúrà fún ìyàwó pé ẹ̀yìn ìyàwó kò ní mọ ẹni.	Iya gbadura fun iyawo pe eyin iyawo ko ni mo eni.	remove_accents_and_underdots	greetings
Ẹ̀yin ìyàwó kò ní mọ ẹni ní gbogbo ẹbí ń gbàdúrà fún tọkọtaya.	Eyin iyawo ko ni mo eni ni gbogbo ebi n gbadura fun tokotaya.	remove_accents_and_underdots	greetings
Ẹ kú oriire, òwò èrè ni Ọlọ́run yóò pè é.	E ku oriire, owo ere ni Olorun yoo pe e.	remove_accents_and_underdots	greetings
Ẹ káábọ̀ sí ìgbéayé tuntun, òwò èrè ni Ọlọ́run yóò pè é.	E kaabo si igbeaye tuntun, owo ere ni Olorun yoo pe e.	remove_accents_and_underdots	greetings
Mo báa yín yọ̀, òwò èrè ni Ọlọ́run yóò pè é.	Mo baa yin yo, owo ere ni Olorun yoo pe e.	remove_accents_and_underdots	greetings
Fún tọkọtìyàwò, òwò èrè ni Ọlọ́run yóò pè é fún wa.	Fun tokotiyawo, owo ere ni Olorun yoo pe e fun wa.	remove_accents_and_underdots	greetings
òwò èrè ni Ọlọ́run yóò pè ìgbéyàwo yín.	owo ere ni Ọlọrun yoo pe igbeyawo yin.	remove_only_accents	greetings
Ẹ kú àkénù, Ọlọ́run yóò ṣe èyí tó dára.	E ku akenu, Olorun yoo se eyi to dara.	remove_accents_and_underdots	greetings
Ẹ kú àkénù mà ni wón kí ìdílé Olá láti àná.	E ku akenu ma ni won ki idile Ola lati ana.	remove_accents_and_underdots	greetings
Ẹ kú àkénù, èyí tó dára ní olórun yóò ṣe.	Ẹ ku akenu, ni to dara eyi olorun yoo ṣe.	remove_only_accents_and_swap_word	greetings
Ohùn Ẹ kú àkénù kò ní fọ si yin.	Ohun E ku akenu ko ni fo si yin.	remove_accents_and_underdots	greetings
Ẹ kú àkénù, èyí yóò jẹ àṣemọ nínú ìdílé yín.	Ẹ ku akenu, eyi yoo jẹ aṣemọ ninu idile yin.	remove_only_accents	greetings
Ìyá Ṣadé kí mi wípé àwòdì o ku ewu.	Iya Sade ki mi wipe awodi o ku ewu.	remove_accents_and_underdots	greetings
pẹ̀lẹ́! mo bá ọ yọ, àwòdì o ku ewu.	pẹlẹ! mo ba ọ yọ, awodi o ku ewu.	remove_only_accents	greetings
Àwòdì o ku ewu, Olóhun yọ ẹ́.	Awodi o ewu, Olohun yọ ẹ.	remove_only_accents_and_any_random_word	greetings
Ìyá àgbà ẹ kú ijọ́ mẹta, ẹ sì kú ewu àwòdì.	Iya agba e ku ijo meta, e si ku ewu awodi.	remove_accents_and_underdots	greetings
Gbogbo akẹ́kọ̀ọ́ ń kí olùkó àgbà pé àwòdì o kú ewu.	Gbogbo akekoo n ki oluko agba pe awodi o ku ewu.	remove_accents_and_underdots	greetings
Ẹ kú àjàlà tí ìjàmbá ọkọ náà.	E ku ajala ti ijamba oko naa.	remove_accents_and_underdots	greetings
Ẹ kú àjàlà iná náà.	E ku ajala ina naa.	remove_accents_and_underdots	greetings
Ayọ̀tẹ́tí kí ọ̀rẹ́ rẹ kú àjàlà ilé tí ó wó náà.	ki Ayọtẹti ọrẹ rẹ ku ajala ile ti o wo naa.	remove_only_accents_and_swap_word	greetings
Ẹ kú àjàlà ọkọ̀ ojú omi tó dánù.	E ku ajala oko oju omi to danu.	remove_accents_and_underdots	greetings
Ẹ kú oríire, ẹ sì kú àjàlà.	E ku oriire, e si ku ajala.	remove_accents_and_underdots	greetings
Àjàlá kí ọ̀rẹ́ rẹ̀ pé Ọlọ́run yóò fi òfò ra èémí.	Ajala ki ore re pe Olorun yoo fi ofo ra eemi.	remove_accents_and_underdots	greetings
Àgbẹdọ̀! A kì í kí olóyún wí pé Ọlọ́run yóò fi òfò ra èémí.	Agbẹdọ! A Ọlọrun i ki oloyun wi pe ki yoo fi ofo ra eemi.	remove_only_accents_and_swap_word	greetings
Ẹ pẹ̀lẹ́ ti ọkọ tí wọ́n gbé lọ, Ọlọ́run yóò fi òfò ra ẹ̀mí.	E pele ti oko ti won gbe lo, Olorun yoo fi ofo ra emi.	remove_accents_and_underdots	greetings
Ẹ Káàsán nílé yìí ó, Ọlọ́run yóò fi òfò ra èémí, a kò sì ní rí irú rẹ̀ mọ.	E Kaasan nile yii o, Olorun yoo fi ofo ra eemi, a ko si ni ri iru re mo.	remove_accents_and_underdots	greetings
Mo gbọ́ ìròyin aburú náà, ọlọ́run yóò fi òfò ra ẹ̀mí.	Mo gbọ aburu naa, ọlọrun yoo fi ofo ra ẹmi.	remove_only_accents_and_any_random_word	greetings
Ohun omi lọ́ dánù, Ọlọ́run kò ní jẹ́ kí agbè ó fọ́ hàn sí ẹ.	Ohun omi lo danu, Olorun ko ni je ki agbe o fo han si e.	remove_accents_and_underdots	greetings
Ẹ kú àmúmọ́ra, omi lọ dànù, Ọlọ́run kò jẹ ki àgbè kó fọ́.	Ẹ ku amumọra, omi lọ danu, Ọlọrun ko jẹ ki agbe ko fọ.	remove_only_accents	greetings
Ẹ má rò ó, omi lọ dànù, Ọlọ́run kò jẹ ki àgbè kó fọ́.	Ẹ ma ro o, omi lọ danu, Ọlọrun ko jẹ ki agbe ko fọ.	remove_only_accents	greetings
Ìyá àgbà gbàdúrà fún Bísí wí pé ayé ó ní pàrọwà pé omi lọ́ dànù àgbè kò ní fọ́ fún un.	Iya agba gbadura fun Bisi wi pe aye o ni parọwa pe omi lọ danu un. ko ni fọ fun agbe	remove_only_accents_and_swap_word	greetings
Àwọn ènìyàn pàrọwà fún ìyá ìkókó wí pé omi ló dànù, Ọlọ́run kò jẹ ki àgbè kó fọ́.	Awon eniyan parowa fun iya ikoko wi pe omi lo danu, Olorun ko je ki agbe ko fo.	remove_accents_and_underdots	greetings
Ẹ kú bí Ọlọ́run ti wí, gbogbo nǹkan yóò dára.	E ku bi Olorun ti wi, gbogbo nnkan yoo dara.	remove_accents_and_underdots	greetings
Ẹ kú bí Ọlọ́run ti wí, ẹ sì kú àmúmọ́ra.	E ku bi Olorun ti wi, e si ku amumora.	remove_accents_and_underdots	greetings
Wọn kí Ayọ̀ pé ó kú bí Ọlọ́run ti wí.	Wọn ki Ọlọrun pe o ku bi Ayọ ti wi.	remove_only_accents_and_swap_word	greetings
Ẹ kú bí Ọlọ́run ti wí, ọ̀nà mìíràn yóò sí.	Ẹ miiran bi Ọlọrun ti wi, ọna ku yoo si.	remove_only_accents_and_swap_word	greetings
Ẹ kú bí Ọlọ́run ti wí, èyí tó dára ní Ọlọ́run yóò ṣe.	E ku bi Olorun ti wi, eyi to dara ni Olorun yoo se.	remove_accents_and_underdots	greetings
Ẹ kú ọrọ̀ ènìyàn, Ọlọ́run yóò tí ilẹ̀kùn ìbànújẹ́.	E ku oro eniyan, Olorun yoo ti ilekun ibanuje.	remove_accents_and_underdots	greetings
Ọlọ́run yóò tì ilẹ̀kùn ìbànújẹ́ lágbára àwon alálẹ̀ ilẹ̀ yìí.	Olorun yoo ti ilekun ibanuje lagbara awon alale ile yii.	remove_accents_and_underdots	greetings
Ọlọ́run yóò ti ilẹ̀kùn ìbànújẹ́ fún àwọn ẹbí olákúnlé, ìrora náà tí pọ̀jù.	Ọlọrun yoo ti ilẹkun olakunle, fun awọn ẹbi ibanujẹ irora naa ti pọju.	remove_only_accents_and_swap_word	greetings
Ẹ kú ọ̀fọ̀, Ọlọ́run yóò ti ilẹ̀kùn ìbànújẹ́.	E ku ofo, Olorun yoo ti ilekun ibanuje.	remove_accents_and_underdots	greetings
Bàbà àgbà wí pé Ọlọ́run yóò ti ilẹ̀kùn ìbànújẹ́ tí ó wà nínú ebi àwọn.	Baba agba wi pe Olorun yoo ti ilekun ibanuje ti o wa ninu ebi awon.	remove_accents_and_underdots	greetings
Ẹ kú àtẹ̀yìnkú, Ọlọ́run yóò dá ibi dúró.	E ku ateyinku, Olorun yoo da ibi duro.	remove_accents_and_underdots	greetings
Ẹ kú àtẹ̀yìnkú, a ó ní rí irú rẹ̀ mọ.	Ẹ ku atẹyinku, a o ni ri iru rẹ mọ.	remove_only_accents	greetings
Ẹ kú àtẹ̀yìnkú, àwọn tó kù a dàgbà.	E ku ateyinku, awon to ku a dagba.	remove_accents_and_underdots	greetings
Ẹ kú àtẹ̀yìnkú, ire là ó má rí.	E ku ateyinku, ire la o ma ri.	remove_accents_and_underdots	greetings
Ẹ kú àtẹ̀yìnkú, Ọlọ́run yóò ṣe èyí ní áṣemọ.	E ku ateyinku, Olorun yoo se eyi ni asemo.	remove_accents_and_underdots	greetings
Olórí ebi kí àwọn ará ilé kú àyọ́lọ.	Olori ebi ki awọn ara ile ayọlọ.	remove_only_accents_and_any_random_word	greetings
Ẹ kú àyọ́lọ, ibi yóò lọ pin.	E ku ayolo, ibi yoo lo pin.	remove_accents_and_underdots	greetings
Ẹ kú àyọ́lọ, a ó ní rí eléyìí mọ.	E ku ayolo, a o ni ri eleyii mo.	remove_accents_and_underdots	greetings
Ẹ kú àyọ́lọ, àwọn tó kù yóò di irú di igba mo yín lọ́wọ́.	E ku ayolo, awon to ku yoo di iru di igba mo yin lowo.	remove_accents_and_underdots	greetings
Ẹ kú àyọ́lọ, Ọlọ́run á dúró tì yín .	Ẹ ku ayọlọ, Ọlọrun a duro ti yin .	remove_only_accents	greetings
Ẹ kú ọdún, ẹ̀mí wà yóò ṣe ọ̀pọ̀lọpọ̀ rẹ.	E ku odun, emi wa yoo se opolopo re.	remove_accents_and_underdots	greetings
Ẹ kú ọdún, Ọlọ́run kò ní ṣe ni àṣemọ fún wa.	E ku odun, Olorun ko ni se ni asemo fun wa.	remove_accents_and_underdots	greetings
Ẹ kú ọdún, ojú wa yóò má rí ọdún.	E ku odun, oju wa yoo ma ri odun.	remove_accents_and_underdots	greetings
Àwọn olùjọsìn kí ara wọn kú ọdún.	Awon olujosin ki ara won ku odun.	remove_accents_and_underdots	greetings
Ẹ kú ọdún ẹ̀yin akọrin.	Ẹ ku ọdun ẹyin akọrin.	remove_only_accents	greetings
Ẹ kú ìyèdún kò ní jẹ́ ni àṣemọ fún wa.	E ku iyedun ko ni je ni asemo fun wa.	remove_accents_and_underdots	greetings
Ẹ kú ìyèdún ọdún ìya wa.	Ẹ iyedun ọdun iya wa.	remove_only_accents_and_any_random_word	greetings
Ẹ kú ìyèdún a sì ku pọ̀pọ̀ṣìnṣìn.	Ẹ ku iyedun a si ku pọpọṣinṣin.	remove_only_accents	greetings
Ẹ kú ìyèdún ẹ̀yin ọ̀rẹ́.	E ku iyedun eyin ore.	remove_accents_and_underdots	greetings
Ẹ kú ìyèdún, ara ire là ó fi ṣọdún o.	E ku iyedun, ara ire la o fi sodun o.	remove_accents_and_underdots	greetings
Ẹ kú oríire o, odún ó ya abo.	Ẹ ku oriire o, odun o ya abo.	remove_only_accents	greetings
Ẹ ṣeun, odún ó ya abo.	E seun, odun o ya abo.	remove_accents_and_underdots	greetings
Ẹ káábọ̀ sí ọdún tuntun, odún ó ya abo.	Ẹ si ọdun tuntun, odun o ya abo.	remove_only_accents_and_any_random_word	greetings
Ẹ kú àjọ̀dún, ọdún á ya abo.	E ku ajodun, odun a ya abo.	remove_accents_and_underdots	greetings
Ọdún á ya abo fún gbogbo wa.	Odun a ya abo fun gbogbo wa.	remove_accents_and_underdots	greetings
Ẹ kú ọjọ́ mẹ́ta, ẹ sì kú ìpalẹ̀mọ ọdún.	Ẹ ku ọjọ mẹta, ẹ si ku ipalẹmọ ọdun.	remove_only_accents	greetings
Gómínà ń kí wa pé a kú ìpalẹ̀mọ ọdún.	Gomina n ki wa pe a ku ipalemo odun.	remove_accents_and_underdots	greetings
A kú ìpalẹ̀mọ ọdún, á bá wa láyé.	A ku ipalemo odun, a ba wa laye.	remove_accents_and_underdots	greetings
Ẹ̀ ń lọlé ọdún àbi? Ẹ kú ìpalẹ̀mọ́ ọdún o.	E n lole odun abi? E ku ipalemo odun o.	remove_accents_and_underdots	greetings
Mo kíi yín o, ẹ kú ìpalẹ̀mọ ọdún.	Mo kii yin o, e ku ipalemo odun.	remove_accents_and_underdots	greetings
Ẹ kú ọ̀gbẹlẹ̀ yìí o baba.	E ku ogbele yii o baba.	remove_accents_and_underdots	greetings
Oru yìí pọ̀, a kú ọ̀gbẹlẹ̀.	Oru yii po, a ku ogbele.	remove_accents_and_underdots	greetings
Ẹ kú ọ̀gbẹlẹ̀ yìí ẹ̀yin àgbẹ̀.	E ku ogbele yii eyin agbe.	remove_accents_and_underdots	greetings
Ẹ kú iṣẹ́, a sì kú ọ̀gbẹlẹ̀.	Ẹ ku iṣẹ, a si ku ọgbẹlẹ.	remove_only_accents	greetings
Ẹ̀rún ti dé, ẹ kú ọ̀gbẹlẹ̀.	Ẹrun ẹ de, ti ku ọgbẹlẹ.	remove_only_accents_and_swap_word	greetings
Ẹ kú dédé àsìkòyìí, ẹ sì kú ọ̀dá yìí.	E ku dede asikoyii, e si ku oda yii.	remove_accents_and_underdots	greetings
A kí àwọn ará ilú, ẹ kú ọ̀dá yìí.	A ki awon ara ilu, e ku oda yii.	remove_accents_and_underdots	greetings
Mo ní ẹ kú ọ̀dá yìí.	Mo ni e ku oda yii.	remove_accents_and_underdots	greetings
Wọ́n fi iṣu ránṣẹ́ wọ́n sì ní kí n kíi yín kú ọ̀dá yìí.	Wọn fi iṣu ranṣẹ wọn si ni ki n kii yin ku ọda yii.	remove_only_accents	greetings
Odò ti gbẹ, ẹ kú ọ̀dá yìí.	Odo ti gbẹ, ẹ ku ọda yii.	remove_only_accents	greetings
Ẹ ǹlẹ́ o, a kú ọ̀gìnnìtì.	E nle o, a ku oginniti.	remove_accents_and_underdots	greetings
Ẹ kú ojúmọ́, ẹ sì kú ògìnnìtì.	E ku ojumo, e si ku oginniti.	remove_accents_and_underdots	greetings
Ẹ kú ògìnnìtì yìí ìya Péjú!	Ẹ ku oginniti yii iya Peju!	remove_only_accents	greetings
À kú ògìnnìtì, ṣé ẹ ò rótùtú?	A ku oginniti, ṣe ẹ o rotutu?	remove_only_accents	greetings
Ẹ kú ọ̀gìnnìtì ẹ̀yin abiyamọ.	E ku oginniti eyin abiyamo.	remove_accents_and_underdots	greetings
Ara ò le bí? Ẹ kú òtútù yìí.	Ara o le bi? E ku otutu yii.	remove_accents_and_underdots	greetings
Arámìde, a kú òtútù yìí.	Aramide, a ku otutu yii.	remove_accents_and_underdots	greetings
Ẹ kú ìjókò, a sì kú òtútù yìí.	Ẹ ku ijoko, si a ku otutu yii.	remove_only_accents_and_swap_word	greetings
Ẹ kú oko o, ẹ sì kú òtútù yìí.	E ku oko o, e si ku otutu yii.	remove_accents_and_underdots	greetings
Ẹ pẹ̀lẹ́, ẹ kú òtútù.	E pele, e ku otutu.	remove_accents_and_underdots	greetings
Ẹ káàsán, ẹ sì kú ìgbà tó dé yìí.	Ẹ kaasan, ẹ si ku igba to de yii.	remove_only_accents	greetings
Ẹ kú ọjọ́ mẹ́ta, ẹ sì kú ìgbà tó dé yìí.	Ẹ ku ọjọ mẹta, igba si ku ẹ to de yii.	remove_only_accents_and_swap_word	greetings
Ẹ kú ìrin ọjọ́, a sì kú ìgbà tó dé yìí.	E ku irin ojo, a si ku igba to de yii.	remove_accents_and_underdots	greetings
Gbogbo ilé ńkọ́? Ẹ kú ìgbà tó dé yìí.	Gbogbo ile nkọ? Ẹ ku igba to de yii.	remove_only_accents	greetings
Ẹ kú ìgbà tó dé yìí ẹyin ọ̀rẹ́!	E ku igba to de yii eyin ore!	remove_accents_and_underdots	greetings
Ẹ kú àsìkò yìí ẹ̀yin èyan mi!	Ẹ ku asiko yii ẹyin eyan mi!	remove_only_accents	greetings
Ẹ kú ìgbádùn, ẹ sì kú àsìkò yìí.	Ẹ ku igbadun, ẹ si ku asiko	remove_only_accents_and_any_random_word	greetings
Ẹ kú àsìkò yìí ẹ̀yin olùgbọ wa!	E ku asiko yii eyin olugbo wa!	remove_accents_and_underdots	greetings
Ẹ ṣeun ìya wa, ẹ kú àsìkò yìí.	E seun iya wa, e ku asiko yii.	remove_accents_and_underdots	greetings
Ṣé àlàáfíà ni? ẹ kú àsìkò yìí.	Ṣe alaafia ni? ẹ asiko yii.	remove_only_accents_and_any_random_word	greetings
Ó dábọ̀ o, kí Ọlọ́run má kọ àtúnrí.	O dabọ o, ki Ọlọrun ma kọ atunri.	remove_only_accents	greetings
Ó dígbà o, kí Ọlọ́run má kọ àtúnrí.	O digba o, ki Olorun ma ko atunri.	remove_accents_and_underdots	greetings
Ẹ ó gúnlẹ̀ ayò o, kí Ọlọ́run má kọ àtúnrí.	Ẹ o gunlẹ ayo o, ki Ọlọrun ma kọ atunri.	remove_only_accents	greetings
Ẹ kílé o, kí Ọlọ́run má kọ àtúnrí.	Ẹ ma o, ki Ọlọrun kile kọ atunri.	remove_only_accents_and_swap_word	greetings
Ọkọ̀ ire lẹ ó wọ̀ o, kí Ọlọ́run má kọ àtúnrí.	Oko ire le o wo o, ki Olorun ma ko atunri.	remove_accents_and_underdots	greetings
Ó dábọ̀ o, ìpàde wa bíi oyin.	O dabo o, ipade wa bii oyin.	remove_accents_and_underdots	greetings
Ẹ má pẹ̀ o, ìpàde wa bíi oyin.	Ẹ ma pẹ o, ipade wa bii oyin.	remove_only_accents	greetings
Ẹ bá mi kí wọn lọ́hùn o, ìpàde wa bíi oyin.	Ẹ ba mi ki wọn lọhun o, ipade wa bii oyin.	remove_only_accents	greetings
Ẹ mú nǹkan bọ̀ o, ìpàde wa bíi oyin.	E mu nnkan bo o, ipade wa bii oyin.	remove_accents_and_underdots	greetings
Ọkọ̀ á réfò o, ìpàde wa bíi oyin.	Ọkọ o, refo a ipade wa bii oyin.	remove_only_accents_and_swap_word	greetings
Ẹ kú ọjọ́ ìbí, Ọlọ́run kò ní ṣe èyí láṣe mọ.	Ẹ ku ọjọ ibi, Ọlọrun ko ni ṣe eyi laṣe mọ.	remove_only_accents	greetings
Ẹ kú àjọyọ̀ òní, Ọlọ́run kò ní ṣe èyí láṣe mọ.	Ẹ ku ajọyọ oni, Ọlọrun ko ni ṣe eyi laṣe mọ.	remove_only_accents	greetings
Ẹ kú àjọ̀dún o, Ọlọ́run kò ní ṣe èyí láṣe mọ.	E ku ajodun o, Olorun ko ni se eyi lase mo.	remove_accents_and_underdots	greetings
Ẹ kú ìkómọ òní, Ọlọ́run kò ní ṣe èyí láṣe mọ.	Ẹ ku ikomọ oni, Ọlọrun ko ni ṣe eyi laṣe mọ.	remove_only_accents	greetings
Ẹ kú àpérò, Ọlọ́run kò ní ṣe èyí láṣe mọ.	E ku apero, Olorun ko ni se eyi lase mo.	remove_accents_and_underdots	greetings
Ẹ kú oríire, ẹ kú oyè.	E ku oriire, e ku oye.	remove_accents_and_underdots	greetings
Ẹ kú oyè Bàbá Balógun.	Ẹ ku oye Baba Balogun.	remove_only_accents	greetings
Mo báa yín yọ̀, ẹ kú oyè.	Mo baa yin yo, e ku oye.	remove_accents_and_underdots	greetings
Ìròyin ayọ̀ lèyí o, ẹ kú oyè.	Iroyin ayọ leyi o, ẹ ku oye.	remove_only_accents	greetings
Ẹ kú ináwó, ẹ sì kú oyè.	E ku inawo, e si ku oye.	remove_accents_and_underdots	greetings
Ẹ kú ewu o ìyá ìkókó.	Ẹ ku ewu o iya ikoko.	remove_only_accents	greetings
Ẹ kú ewu o bàbá ìkókó.	E ku ewu o baba ikoko.	remove_accents_and_underdots	greetings
Ẹ kú ewu ọmọ o.	E ku ewu omo o.	remove_accents_and_underdots	greetings
Mo báa yín yọ, ẹ kú ewu.	baa yin yọ, ẹ ku ewu.	remove_only_accents_and_any_random_word	greetings
Olúwa ṣeun o, ẹ kú ewu.	Oluwa seun o, e ku ewu.	remove_accents_and_underdots	greetings
Ẹ kú ewu, mo yọ̀ fún ọ.	E ku ewu, mo yo fun o.	remove_accents_and_underdots	greetings
Ẹ kú oríire, mo yọ̀ fún ọ.	Ẹ ku oriire, fun yọ mo ọ.	remove_only_accents_and_swap_word	greetings
Ẹ kú àṣeyọrí, mo yọ̀ fún ọ.	E ku aseyori, mo yo fun o.	remove_accents_and_underdots	greetings
Ẹ kú ìgbéyàwó, mo yọ̀ fún yín.	Ẹ ku igbeyawo, mo yọ fun yin.	remove_only_accents	greetings
Mo yọ̀ fún ọ, mo yọ̀ fúnra mi.	Mo yo fun o, mo yo funra mi.	remove_accents_and_underdots	greetings
Ẹ kú oríire, ayọ̀ abara tíntín.	E ku oriire, ayo abara tintin.	remove_accents_and_underdots	greetings
Ayọ̀ abara tíntín, a bímọ obìnrin.	Ayọ abara tintin, a bimọ obinrin.	remove_only_accents	greetings
Ayọ̀ abara tíntín, mo yọ̀ fún ọ.	Ayo abara tintin, mo yo fun o.	remove_accents_and_underdots	greetings
Elédùmárè ṣeun, ayọ̀ abara tíntín.	Eledumare ayọ abara tintin.	remove_only_accents_and_any_random_word	greetings
A ó wẹ̀ ẹ́ o, ayọ̀ abara tíntín.	A o wẹ ẹ o, ayọ abara tintin.	remove_only_accents	greetings
Ẹ kú oríire ẹ sì ku ọwọ́ lómi.	E ku oriire e si ku owo lomi.	remove_accents_and_underdots	greetings
Inú mi dùn gan ni, Ẹ kú ọwọ́ lómi.	Inu mi dun gan ni, Ẹ ku ọwọ lomi.	remove_only_accents	greetings
Ẹ kú ọwọ́ lómi, Èdùmàrè á wò ó.	Ẹ ku lomi, Edumare a wo o.	remove_only_accents_and_any_random_word	greetings
Ìya Títí, Ẹ kú ọwọ́ lómi.	Iya Titi, E ku owo lomi.	remove_accents_and_underdots	greetings
Ẹ kú ọwọ́ lómi bàbá.	E ku owo lomi baba.	remove_accents_and_underdots	greetings
Bàbá ti sùn? Àsùn wú o.	Baba ti sun? Asun wu o.	remove_only_accents	greetings
Ọmọ náà ń sùn! Àsùn wú o.	Omo naa n sun! Asun wu o.	remove_accents_and_underdots	greetings
Mo fẹ́ lọ sùn! Àsùn wú o.	Mo fẹ lọ sun! Asun wu o.	remove_only_accents	greetings
Ó dàárọ̀ ọ̀rẹ́ mi, àsùn wú o.	O daarọ ọrẹ mi, asun o.	remove_only_accents_and_any_random_word	greetings
Iya ọlọ́mọ ń sùn lọ́wọ́! Àsùn wú o.	Iya olomo n sun lowo! Asun wu o.	remove_accents_and_underdots	greetings
Ẹ pẹ̀lẹ́, ẹ kú ará fẹ́ra kù.	Ẹ pẹlẹ, ku ara fẹra ku.	remove_only_accents_and_any_random_word	greetings
Ó dun èmi náà, ẹ kú ará fẹ́ra kù.	O dun emi naa, e ku ara fera ku.	remove_accents_and_underdots	greetings
Ẹ kú ará fẹ́ra kù, ẹ jọ̀wọ́ ẹ má rò ó.	E ku ara fera ku, e jowo e ma ro o.	remove_accents_and_underdots	greetings
Olórun á dúró ti ebí òkú, ẹ kú ará fẹ́ra kù.	Olorun a duro ti ebi oku, e ku ara fera ku.	remove_accents_and_underdots	greetings
Ẹ kú ará fẹ́ra kù, ẹ jọ̀wọ́ ẹ má sukún mọ́.	Ẹ ku ara jọwọ ku, ẹ fẹra ẹ ma sukun mọ.	remove_only_accents_and_swap_word	greetings
Ẹ kú iṣẹ́ bàbá, àrokobọ́dún dé.	E ku ise baba, arokobodun de.	remove_accents_and_underdots	greetings
Ẹ̀ ń gbin ẹ̀gẹ́ ni? àrokobọ́dún dé.	E n gbin ege ni? arokobodun de.	remove_accents_and_underdots	greetings
A kí àwọn àgbẹ̀ o, àrokobọ́dún dé.	A ki awon agbe o, arokobodun de.	remove_accents_and_underdots	greetings
Mo fẹ́ dáko! Àrokobọ́dún dé.	Mo fe dako! Arokobodun de.	remove_accents_and_underdots	greetings
A ti gbin àgbàdo tán! Àrokobọ́dún de o.	A ti gbin agbado tan! Arokobodun de o.	remove_accents_and_underdots	greetings
Àrọyè o bàbá alágbẹ̀de!	Aroye o baba alagbede!	remove_accents_and_underdots	greetings
Àrọyè là ń kí alágbẹ̀de.	Arọye la n ki alagbẹde.	remove_only_accents	greetings
Ẹ kú iṣẹ́ o, Àrọyè o!	E ku ise o, Aroye o!	remove_accents_and_underdots	greetings
Mò ń lọ ọ̀dọ alágbẹ̀de. Àrọyè o!	Mo n lo odo alagbede. Aroye o!	remove_accents_and_underdots	greetings
Mo kíi yín o baba, àrọyè o.	Mo kii yin o baba, aroye o.	remove_accents_and_underdots	greetings
À ń lọ oko ọdẹ. Àrìnpa o!	A n lọ oko ọdẹ. Arinpa o!	remove_only_accents	greetings
Bàba ọdẹ ti lọ? àrìnpa o!	Baba ode ti lo? arinpa o!	remove_accents_and_underdots	greetings
Ó dábọ̀ o bàba ọdẹ, àrìnpa o!	O dabo o baba ode, arinpa o!	remove_accents_and_underdots	greetings
Ẹ má pẹ̀ kí ẹ tó dé o, àrìnpa o.	E ma pe ki e to de o, arinpa o.	remove_accents_and_underdots	greetings
Ẹ̀yin ọdẹ, àrìnpa o!	Eyin ode, arinpa o!	remove_accents_and_underdots	greetings
Àwọn ọmọdé ń kí ìyá Aláró wípé Asogun aro o.	Awọn ọmọde o. ki iya Alaro wipe Asogun aro n	remove_only_accents_and_swap_word	greetings
Asogun aro ni a ń kí àwọn Aláró aṣọ.	Asogun aro ni a n ki awon Alaro aso.	remove_accents_and_underdots	greetings
Bàbá bá ìyá aláṣo ni ìkàlẹ̀ ó sì kí pé Asogun aro o.	Baba ba iya alaso ni ikale o si ki pe Asogun aro o.	remove_accents_and_underdots	greetings
Asogun aro ni ọmọdé náà fi kí màmá àgbà Aláró.	aro ni ọmọde naa fi ki mama agba Alaro.	remove_only_accents_and_any_random_word	greetings
Dídé tí mo dé ìsò Aláró, Asogun aro ń ṣubú lura wọn.	Dide ti mo de iso Alaro, Asogun aro n subu lura won.	remove_accents_and_underdots	greetings
Ojugbooro ni a ń kí àwọn onídìrí.	ki ni a n Ojugbooro awọn onidiri.	remove_only_accents_and_swap_word	greetings
Àní ké kí ìyá onídìrí pé ojú gbooro o.	Ani ke ki iya onidiri pe oju gbooro o.	remove_accents_and_underdots	greetings
Mo kí ìyá mi ti o je onídìrí wípé ojú gbooro o.	Mo ki iya mi ti o je onidiri wipe oju gbooro o.	remove_only_accents	greetings
Ojú gbooro ni Bísí kí ìyá ilé wa.	Oju gbooro ni Bisi ki iya ile	remove_only_accents_and_any_random_word	greetings
Ojú gbooro ó, òòyà ó yà o.	Oju gbooro o, ooya o ya o.	remove_accents_and_underdots	greetings
Ibí lẹ wà, àhunyà o!	Ibi lẹ wa, o! ahunya	remove_only_accents_and_swap_word	greetings
Wọ́n kí ahunṣọ pé àhunyà o.	Wọn ki pe ahunṣọ ahunya o.	remove_only_accents_and_swap_word	greetings
Bọlá kí ahunṣọ ẹgbẹ́ ilé wọn pé àhunyà o.	Bọla ki ahunṣọ ẹgbẹ ile wọn ahunya o.	remove_only_accents_and_any_random_word	greetings
Ẹ kú iṣẹ́ o àhunyà o.	E ku ise o ahunya o.	remove_accents_and_underdots	greetings
Àhunyà o, ṣe owó ń yá.	Ahunya o, ṣe owo n ya.	remove_only_accents	greetings
Àbọrúbọyè bàbà!	Aboruboye baba!	remove_accents_and_underdots	greetings
Àbọrúbọyè là ń kí àwọn onífá.	Aboruboye la n ki awon onifa.	remove_accents_and_underdots	greetings
Kúnlé kí bàbà rẹ wí pé Àbọrúbọyè o.	Kunle ki baba re wi pe Aboruboye o.	remove_accents_and_underdots	greetings
Mo kí bàbà náà pé Àbọrúbọyè.	Mo ki baba naa pe Abọrubọye.	remove_only_accents	greetings
Àbọrúbọyè nílé yìí ó, báyìí ni Ṣọlá kí wọn lọ́ọ̀dẹ̀ Fágbèmí.	Aboruboye nile yii o, bayii ni Sola ki won loode Fagbemi.	remove_accents_and_underdots	greetings
Ẹ kú àdúrà o, ọlọsẹ yóò gbà á o.	Ẹ ku adura o, ọlọsẹ yoo gba a o.	remove_only_accents	greetings
Ẹ kú iwájú o, ọlọsẹ yóò gbà á o.	E ku iwaju o, olose yoo gba a o.	remove_accents_and_underdots	greetings
Àwa náà ń bọ̀, ọlọsẹ yóò gbà á o.	Awa naa yoo bọ, ọlọsẹ n gba a o.	remove_only_accents_and_swap_word	greetings
Ẹ kú akitiyan, ọlọsẹ yóò gbà á o.	ku Ẹ akitiyan, ọlọsẹ yoo gba a o.	remove_only_accents_and_swap_word	greetings
Ọlọsẹ yóò gbà á o, a ò ní ṣe é lásán.	Olose yoo gba a o, a o ni se e lasan.	remove_accents_and_underdots	greetings
Ẹ kú ọjà, ajé rere yóò wọgbá.	Ẹ ku ọja, aje rere yoo wọgba.	remove_only_accents	greetings
Àtà jèrè ó, ajé rere yóò wọgbá.	Ata jere o, aje rere yoo wogba.	remove_accents_and_underdots	greetings
Ẹ kú iṣẹ́, ajé rere yóò wọgbá.	Ẹ ku iṣẹ, aje rere yoo wọgba.	remove_only_accents	greetings
Ajé rere yóò wọgbá o ìyá Bísí.	Aje rere yoo wogba o iya Bisi.	remove_accents_and_underdots	greetings
Ẹ kú ọ̀rọ̀ ajé òní, ajé rere yóò wọgbá.	Ẹ ku ọrọ aje oni, aje rere yoo wọgba.	remove_only_accents	greetings
Àdẹpa ogún o!	Adepa ogun o!	remove_accents_and_underdots	greetings
Àdẹpa ogún bàbà ọdẹ.	baba ogun Adẹpa ọdẹ.	remove_only_accents_and_swap_word	greetings
Àdẹpa ogún là ń kí àwọn ọlọ́dẹ.	Adẹpa ogun la n ki ọlọdẹ.	remove_only_accents_and_any_random_word	greetings
Ìyàwó òde kí ọkọ rẹ pé Àdẹpa o.	Iyawo ode ki ọkọ rẹ pe Adẹpa o.	remove_only_accents	greetings
Àdẹpa ó, Ọlọ́run yóò mú pípa wá o.	Adẹpa o, Ọlọrun yoo mu pipa wa o.	remove_only_accents	greetings
Aláyélúwà, kádé pẹ́ lórí kí bàtà pẹ́ lẹ́sẹ̀.	Alayeluwa, kade pe lori ki bata pe lese.	remove_accents_and_underdots	greetings
Kábíyèsí, Kádé pẹ́ lórí kí bàtà pẹ́ lẹ́sẹ̀.	Kabiyesi, Kade pe lori ki bata pe lese.	remove_accents_and_underdots	greetings
Kádé pẹ́ lórí kí bàtà pẹ́ lẹ́sẹ̀ là ń kí àláyélúwà láàfin.	Kade pe lori ki bata pe lese la n ki alayeluwa laafin.	remove_accents_and_underdots	greetings
Moyírà fún Kábíyèsí, Kádé pẹ́ lórí kí bàtà pẹ́ lẹ́sẹ̀.	Moyira fun Kabiyesi, Kade pẹ lori ki bata pẹ lẹsẹ.	remove_only_accents	greetings
Kádé pẹ́ lórí kí bàtà pẹ́ lẹ́sẹ̀, bàbá ẹ̀ pẹ́ fún wa.	Kade pe lori ki bata pe lese, baba e pe fun wa.	remove_accents_and_underdots	greetings
Àjẹgbó, àjẹtọ́, àjẹpẹ́ ni ti àwọn ìjòyè.	Ajegbo, ajeto, ajepe ni ti awon ijoye.	remove_accents_and_underdots	greetings
Oyè á mọ́rí o, Àjẹgbó, àjẹtọ́, àjẹpẹ́.	Oye a mọri o, Ajẹgbo, ajẹtọ, ajẹpẹ.	remove_only_accents	greetings
Bàbá olóyè, oyè yín yóò jẹ Àjẹgbó, àjẹtọ́, àjẹpẹ́.	Baba oloye, oye yin yoo je Ajegbo, ajeto, ajepe.	remove_accents_and_underdots	greetings
Ẹ kú oriire òní, Àjẹgbó, àjẹpẹ́ àjẹtọ́.	E ku oriire oni, Ajegbo, ajepe ajeto.	remove_accents_and_underdots	greetings
Kábíyèsí òye yóò mó rí, Àjẹgbó, àjẹtọ́, àjepẹ́.	Kabiyesi oye mo ri, Ajẹgbo, ajẹtọ, ajepẹ.	remove_only_accents_and_any_random_word	greetings
Ẹ kú ìbà bàbà olóye.	E ku iba baba oloye.	remove_accents_and_underdots	greetings
Ẹ kú ìbà àtàárọ̀.	E ku iba ataaro.	remove_accents_and_underdots	greetings
Ẹ kú ìbà kábíyèsí, ogbó, ató yín baba.	Ẹ ku iba kabiyesi, ogbo, yin baba.	remove_only_accents_and_any_random_word	greetings
Ẹ kú ìbà mi ìgbà gbogbo.	E ku iba mi igba gbogbo.	remove_accents_and_underdots	greetings
Ẹ kú ìbà ó eyín ènìyàn mi.	E ku iba o eyin eniyan mi.	remove_accents_and_underdots	greetings
Àrẹpọ́n o ìya wa.	Arepon o iya wa.	remove_accents_and_underdots	greetings
Àrẹpọ́n o ìyá Aláró.	Arepon o iya Alaro.	remove_accents_and_underdots	greetings
Mo kí ìyá àgbà kú Àrẹpọ́n o.	Mo ki iya agba ku Arẹpọn o.	remove_only_accents	greetings
Àrẹpọ́n o, ẹ sì kú iṣẹ́.	Arẹpọn o, ẹ si ku iṣẹ.	remove_only_accents	greetings
Àwọn Aláró ń kí ara wọn pé Àrẹpọ́n o.	Awọn o. n ki ara wọn pe Arẹpọn Alaro	remove_only_accents_and_swap_word	greetings
Àmọyè o bàba oníkòkò.	Amoye o baba onikoko.	remove_accents_and_underdots	greetings
Ẹ kú iṣẹ́, Àmọyè ni yóò jẹ́.	E ku ise, Amoye ni yoo je.	remove_accents_and_underdots	greetings
Àmọyè ó ìyá mi.	Amoye o iya mi.	remove_accents_and_underdots	greetings
Àmọyè ni tàwọn òníkòkò.	tawọn ni Amọye onikoko.	remove_only_accents_and_swap_word	greetings
Àmọyè ó ẹyin amọ̀kòkò!	Amoye o eyin amokoko!	remove_accents_and_underdots	greetings
Ẹ kú iṣẹ́ bàbá, ẹmu á ṣẹ̀ o.	E ku ise baba, emu a se o.	remove_accents_and_underdots	greetings
Baba ẹlẹ́mu, ẹmu á ṣẹ̀ o.	Baba elemu, emu a se o.	remove_accents_and_underdots	greetings
Ẹ ti ń lọ oko ẹmu baba? ẹmú á ṣẹ̀ o.	E ti n lo oko emu baba? emu a se o.	remove_accents_and_underdots	greetings
Ẹmu á ṣẹ̀ ó baba.	baba. a ṣẹ o Ẹmu	remove_only_accents_and_swap_word	greetings
Àyánpéjú kí bàbá ìyá rẹ̀ pé ẹmu á ṣẹ̀ o.	Ayanpeju ki baba iya re pe emu a se o.	remove_accents_and_underdots	greetings
Ẹ kú ìkàlẹ̀ ó, mo kọ́tà mo kópè o.	Ẹ ikalẹ o, mo kọta mo kope o.	remove_only_accents_and_any_random_word	greetings
Mo kọ́tà mo kópè ó eyín ènìyàn mi.	Mo kọta mo kope o eyin eniyan mi.	remove_only_accents	greetings
Mo kọ́tà mo kópè níbí yìí o.	Mo kota mo kope nibi yii o.	remove_accents_and_underdots	greetings
Mo kọ́tà mo kópè nílé ayò o.	Mo kota mo kope nile ayo o.	remove_accents_and_underdots	greetings
Ìdí ayo ni a ń kíni pé mo kọ́tà mo kópè.	Idi ayo ni a n kini pe mo kota mo kope.	remove_accents_and_underdots	greetings
Ẹ kú iṣẹ́ o bàbà, Àwẹ̀lú o.	Ẹ o. iṣẹ o baba, Awẹlu ku	remove_only_accents_and_swap_word	greetings
Àwẹ̀lú o là n kì òmùwẹ̀.	Awelu o la n ki omuwe.	remove_accents_and_underdots	greetings
Àwẹ̀lú o bàbá àgbà.	Awelu o baba agba.	remove_accents_and_underdots	greetings
Àwẹ̀lú o ìyá Táyọ̀!	Awelu o iya Tayo!	remove_accents_and_underdots	greetings
Àwẹ̀lú o ẹ̀yin òmùwẹ̀.	Awelu o eyin omuwe.	remove_accents_and_underdots	greetings
Ẹ kú atótónu látàárọ̀.	E ku atotonu lataaro.	remove_accents_and_underdots	greetings
Ẹ kú atótónu ẹ̀yin ènìyàn mi.	E ku atotonu eyin eniyan mi.	remove_accents_and_underdots	greetings
Ẹ kú atótónu ìyá Bísí.	E ku atotonu iya Bisi.	remove_accents_and_underdots	greetings
Ẹ kú atótónu, èrè ayọ̀ la ó gbà níbè.	Ẹ ku atotonu, ere ayọ la o gba nibe.	remove_only_accents	greetings
Ẹ kú atótónu, ẹ sì kú ọrọ̀ ìlú.	Ẹ atotonu, ẹ si ku ọrọ ilu.	remove_only_accents_and_any_random_word	greetings
Ẹ kú ọjọ́ mẹ́ta eyín ara ilé.	E ku ojo meta eyin ara ile.	remove_accents_and_underdots	greetings
Ẹ kú ọjọ́ mẹ́ta gbogbo mọ̀lẹ́bí.	E ku ojo meta gbogbo molebi.	remove_accents_and_underdots	greetings
Ẹ kú ọjọ́ mẹ́ta o, ṣé àlàáfíà lẹ wà?	E ku ojo meta o, se alaafia le wa?	remove_accents_and_underdots	greetings
Ẹ kú ọjọ́ mẹta eyín ọ̀rẹ́ mi.	E ku ojo meta eyin ore mi.	remove_accents_and_underdots	greetings
Ẹ kú ọjọ́ mẹ́ta, ṣe ayọ̀ ni a báa yín?	E ku ojo meta, se ayo ni a baa yin?	remove_accents_and_underdots	greetings
Ẹ kú dédé ìwòyí gbogbo ilé!	E ku dede iwoyi gbogbo ile!	remove_accents_and_underdots	greetings
Ẹ kú dédé ìwòyí, ṣe ara le?	E ku dede iwoyi, se ara le?	remove_accents_and_underdots	greetings
Ẹ kú dédé ìwòyí, ṣe àlàáfíà la báa yín?	Ẹ ku dede iwoyi, ṣe alaafia la baa yin?	remove_only_accents	greetings
Ẹ kú dédé ìwòyí ẹ̀yin ọmọdé wọ̀nyí.	Ẹ ku dede iwoyi ẹyin ọmọde wọnyi.	remove_only_accents	greetings
A kú dédé ìwòyí ẹ̀yin ọ̀rẹ́ mi.	A ku dede iwoyi eyin ore mi.	remove_accents_and_underdots	greetings
Ẹ kú ìjókòó gbogbo ilé.	E ku ijokoo gbogbo ile.	remove_accents_and_underdots	greetings
Ẹ kú ìjókòó eyín àgbààgbà.	E ku ijokoo eyin agbaagba.	remove_accents_and_underdots	greetings
Ẹ kú ìjókòó, babá ń bọ̀.	E ku ijokoo, baba n bo.	remove_accents_and_underdots	greetings
Ẹ kú ìjókòó, ayọ̀ ni yóò já sí.	Ẹ ku ijokoo, ayọ ni yoo ja si.	remove_only_accents	greetings
Ẹ kú ìjókòó ẹ̀yín ìyá mi.	E ku ijokoo eyin iya mi.	remove_accents_and_underdots	greetings
Bàbá ọdẹ ẹ kú iṣẹ́, owó á dẹ o.	Baba ode e ku ise, owo a de o.	remove_accents_and_underdots	greetings
Ọwọ́ á dẹ o bàbá mi.	Ọwọ a dẹ o baba mi.	remove_only_accents	greetings
Ọwọ́ á dẹ o bàba ọdẹ!	Owo a de o baba ode!	remove_accents_and_underdots	greetings
Ọwọ́ á dẹ o, ìgbé yóò dára.	Ọwọ a dẹ o, yoo dara.	remove_only_accents_and_any_random_word	greetings
Ọwọ́ á dẹ o gbogbo ẹ̀yin ẹgbẹ́ ọdẹ.	Owo a de o gbogbo eyin egbe ode.	remove_accents_and_underdots	greetings
Ẹ pẹ̀lẹ́ ẹ sì kú aráfẹ́rakù.	Ẹ pẹlẹ ẹ si ku arafẹraku.	remove_only_accents	greetings
Ẹ kú aráfẹ́rakù ti bàbá àgbà.	arafẹraku ku Ẹ ti baba agba.	remove_only_accents_and_swap_word	greetings
Ẹ kú aráfẹ́rakù, a ò ní rí irú rẹ̀ mọ́.	E ku araferaku, a o ni ri iru re mo.	remove_accents_and_underdots	greetings
Ẹ kú aráfẹ́rakù, àwọn tókù yóò di irú digba.	Ẹ ku arafẹraku, awọn toku yoo di iru digba.	remove_only_accents	greetings
Ẹ kú aráfẹ́rakù, ẹ sì kú akitiyan.	E ku araferaku, e si ku akitiyan.	remove_accents_and_underdots	greetings
Ẹ kú òǹgbẹ, ẹ̀mí á ṣíkà.	E ku ongbe, emi a sika.	remove_accents_and_underdots	greetings
Ẹ kú òǹgbẹ, àdúrà yóò gbà.	ku ongbẹ, adura yoo gba.	remove_only_accents_and_any_random_word	greetings
Ẹ kú òǹgbẹ, Ọlọ́run yóò san yín lẹ́san.	E ku ongbe, Olorun yoo san yin lesan.	remove_accents_and_underdots	greetings
Ẹ kú òǹgbẹ oṣù yìí.	Ẹ ku ongbẹ oṣu yii.	remove_only_accents	greetings
Àwọn ará mọ́sálásí kí ara wọn kú òǹgbẹ.	Awọn ara mọsalasi ki ara wọn ku ongbẹ.	remove_only_accents	greetings
Ẹ káàbọ̀ màámi.	E kaabo maami.	remove_accents_and_underdots	greetings
Ẹ káàbọ̀ bàbá àgbà.	Ẹ kaabọ baba agba.	remove_only_accents	greetings
Ẹ káàbọ̀ sì ilé àlàáfíà.	E kaabo si ile alaafia.	remove_accents_and_underdots	greetings
Ẹ káàbọ̀ ẹ̀gbọ́n mi.	E kaabo egbon mi.	remove_accents_and_underdots	greetings
Ẹ káàbọ̀ sì ẹgbẹ́ wa.	E kaabo si egbe wa.	remove_accents_and_underdots	greetings
Ẹ kú ìpàdé, àdúrà wa yóò gbà.	Ẹ ku ipade, gba. wa yoo adura	remove_only_accents_and_swap_word	greetings
Ẹ kú ìpàdé ọmọ ẹgbẹ́ gbogbo.	E ku ipade omo egbe gbogbo.	remove_accents_and_underdots	greetings
Ẹ kú ìpàdé ìlú.	Ẹ ku ipade ilu.	remove_only_accents	greetings
Ẹ kú ìpàdé, ọ̀rọ̀ ìlú yóò dára.	Ẹ ku ipade, ọrọ ilu yoo dara.	remove_only_accents	greetings
Ẹ kú ìpàdé mọ̀lẹ́bí, ẹbí yóò dára.	E ku ipade molebi, ebi yoo dara.	remove_accents_and_underdots	greetings
Ẹ ṣeun, ẹ kú àìgbàgbé.	E seun, e ku aigbagbe.	remove_accents_and_underdots	greetings
Ẹ káàbọ̀, ẹ kú àìgbàgbé.	E kaabo, e ku aigbagbe.	remove_accents_and_underdots	greetings
Mo dúpẹ́ gidi gan-an ni, ẹ kú àìgbàgbé.	Mo dupẹ gidi gan-an ni, ẹ ku	remove_only_accents_and_any_random_word	greetings
Mo kíi yín ìya wa, ẹ kú àìgbàgbé.	Mo kii iya wa, ẹ ku aigbagbe.	remove_only_accents_and_any_random_word	greetings
Ẹ kú àìgbàgbé, irú ẹ lẹ ó fi gbà á.	Ẹ ku aigbagbe, o ẹ lẹ iru fi gba a.	remove_only_accents_and_swap_word	greetings
Ẹ kú bọ́jọ́ ṣe rí, a rí tìwa ṣe.	E ku bojo se ri, a ri tiwa se.	remove_accents_and_underdots	greetings
Ẹ Káàsán nílé yìí, ẹ sì ku bí ọjọ́ ṣe ri.	E Kaasan nile yii, e si ku bi ojo se ri.	remove_accents_and_underdots	greetings
Ẹ kú bí ọjọ́ ṣe rí ìyá alátẹ.	E ku bi ojo se ri iya alate.	remove_accents_and_underdots	greetings
Ẹ kú bí ọjọ́ ṣe rí, gbogbo rẹ yóò rọ̀wá lọ́run.	E ku bi ojo se ri, gbogbo re yoo rowa lorun.	remove_accents_and_underdots	greetings
Ẹ kú bí ọjọ́ ṣe rí, yóò sàn wá sí rere.	Ẹ ku bi ọjọ ṣe rere. yoo san wa si ri,	remove_only_accents_and_swap_word	greetings
Ẹ kú bó ṣe ń lọ ẹ̀yin ará ìlú.	E ku bo se n lo eyin ara ilu.	remove_accents_and_underdots	greetings
A kú bó ṣe ń lọ ẹyin ènìyàn mi.	A ku bo se n lo eyin eniyan mi.	remove_accents_and_underdots	greetings
Ẹ kú bó ṣe ń lọ, ẹ sì kú àfaradà.	E ku bo se n lo, e si ku afarada.	remove_accents_and_underdots	greetings
Olóyè kí gbogbo ènìyàn kú bó ṣe ń lọ.	Oloye ki gbogbo eniyan ku bo se n lo.	remove_accents_and_underdots	greetings
Ẹ kú bí ó ṣe ń lọ ẹ̀yin ará Ẹdẹ.	E ku bi o se n lo eyin ara Ede.	remove_accents_and_underdots	greetings
Ẹ kúuṣẹ́ baba, ìgbà á ro.	E kuuse baba, igba a ro.	remove_accents_and_underdots	greetings
Igbà á ro bàbá ẹlẹ́mu.	Igba a ro baba elemu.	remove_accents_and_underdots	greetings
Igbà á rọ ni ti àwọn akọ̀pẹ.	Igba a ro ni ti awon akope.	remove_accents_and_underdots	greetings
Mo rí bàbá akọ̀pẹ, mo sì kí wọn pé igbà árọ.	Mo ri baba akọpẹ, mo si ki wọn pe igba arọ.	remove_only_accents	greetings
Igbà á ro ni Bísí kí bàbá tí ó ń lọ oko ẹmu.	Igba a ro ni Bisi ki baba ti o n lo oko emu.	remove_accents_and_underdots	greetings
Àrẹdú ó ìyá Aláró.	Aredu o iya Alaro.	remove_accents_and_underdots	greetings
Mo bá ìyá Aláró ni ibi ìṣe ṣíṣe, mo sì kí wọn pé àrẹdú o.	Mo ba iya Alaro ni ibi iṣe ṣiṣe, mo si ki wọn pe arẹdu o.	remove_only_accents	greetings
Àrẹdú ó màmá mi.	Arẹdu o mama mi.	remove_only_accents	greetings
Àrẹdú ó, ṣé dáadáa ní è wà?	Aredu o, se daadaa ni e wa?	remove_accents_and_underdots	greetings
Àrẹdú ó, yóò yọ re.	Arẹdu o, yoo yọ re.	remove_only_accents	greetings
Ẹ kú òde, ṣé òde dùn?	E ku ode, se ode dun?	remove_accents_and_underdots	greetings
Ẹ kú òde, ẹ sì kú ìdìde.	E ku ode, e si ku idide.	remove_accents_and_underdots	greetings
Ẹ kú òde, ẹ̀ ó rẹ́mì gboore.	E ku ode, e o remi gboore.	remove_accents_and_underdots	greetings
Ẹ kú òde ìnáwó.	ode ku Ẹ inawo.	remove_only_accents_and_swap_word	greetings
Ẹ kú òde àná, ṣé kò rẹra?	Ẹ ku ode ana, ṣe ko rẹra?	remove_only_accents	greetings
Ẹ kú ìyálẹ̀ta, ṣé mo bá ìyá nílé?	Ẹ ku iyalẹta, ṣe mo ba nile? iya	remove_only_accents_and_swap_word	greetings
Ẹ kú ìyálẹ̀ta, ṣájé ń wá?	E ku iyaleta, saje n wa?	remove_accents_and_underdots	greetings
Ẹ kú ìyálẹ̀ta, bàbá mi ńkọ́?	E ku iyaleta, baba mi nko?	remove_accents_and_underdots	greetings
Ẹ kú ìyálẹ̀ta níbí yìí, àwọn ará ilé ńkọ́?	E ku iyaleta nibi yii, awon ara ile nko?	remove_accents_and_underdots	greetings
Ẹ kú ìyálẹ̀ta nílé yìí o.	Ẹ ku iyalẹta nile o.	remove_only_accents_and_any_random_word	greetings
Ẹ kú ìpàdé, ẹ sì kú kó lè da.	E ku ipade, e si ku ko le da.	remove_accents_and_underdots	greetings
Ẹ kú kó lè da olórí ẹbí.	E ku ko le da olori ebi.	remove_accents_and_underdots	greetings
Ẹ kú kó lè da, tiyín náà kò ní bàjẹ́.	Ẹ ku ko le tiyin naa ko ni bajẹ.	remove_only_accents_and_any_random_word	greetings
Ẹ kú kó lè da ẹ̀yin olóyè.	E ku ko le da eyin oloye.	remove_accents_and_underdots	greetings
Ẹ kú kó lè da, ayọ̀ tiwá náà kò ní bàjé.	Ẹ ku ko le da, ayọ tiwa naa ko ni baje.	remove_only_accents	greetings
Ẹ kú ìlú, alálẹ̀ yóò gbè yín.	Ẹ ku ilu, alalẹ yoo gbe yin.	remove_only_accents	greetings
Ẹ kú ìlú ẹ̀yin ará Ọ̀yọ́.	E ku ilu eyin ara Oyo.	remove_accents_and_underdots	greetings
Ẹ kú ìlú, ìlú yóò tú bọ̀ tòrò.	E ku ilu, ilu yoo tu bo toro.	remove_accents_and_underdots	greetings
Ẹ kú ìlú, kò ní tú mọ́ wa lórí.	E ku ilu, ko ni tu mo wa lori.	remove_accents_and_underdots	greetings
Ẹ kú ìlú, yóò tú bọ̀ ju wá a ṣe.	E ku ilu, yoo tu bo ju wa a se.	remove_accents_and_underdots	greetings
Ẹ kú gbogbo ìgbà mi ìyá mi.	gbogbo ku Ẹ igba mi iya mi.	remove_only_accents_and_swap_word	greetings
Ẹ kú gbogbo ìgbà wa olórí ẹbí.	ku gbogbo igba wa olori ẹbi.	remove_only_accents_and_any_random_word	greetings
Ẹ kú gbogbo ìgbà ìyá àgbà.	E ku gbogbo igba iya agba.	remove_accents_and_underdots	greetings
Ẹ ṣeun, ẹ sì kú gbogbo ìgbà.	Ẹ ṣeun, igba. si ku gbogbo ẹ	remove_only_accents_and_swap_word	greetings
Àbúrò mi, o kú gbogbo ìgbà.	Aburo mi, o ku gbogbo igba.	remove_accents_and_underdots	greetings
Ẹ kú ọ̀rọ̀ ìlú, a tú wá lára.	E ku oro ilu, a tu wa lara.	remove_accents_and_underdots	greetings
Ẹ kú ọ̀rọ̀ ìlú, kò ní bàjé lórí wa.	E ku oro ilu, ko ni baje lori wa.	remove_accents_and_underdots	greetings
Ẹ kú ọ̀rọ̀ ìlú báálẹ̀.	E ku oro ilu baale.	remove_accents_and_underdots	greetings
Ẹ kú ọ̀rọ̀ ìlú ẹ̀yin olólùfẹ́ wa.	Ẹ ku ọrọ ilu ẹyin ololufẹ wa.	remove_only_accents	greetings
Ẹ kú ọ̀rọ̀ ìlú, àwọn bàbá ńlá wa yóò gbèjà wa.	Ẹ ku gbeja ilu, awọn baba nla wa yoo ọrọ wa.	remove_only_accents_and_swap_word	greetings
Ẹ kú àdúrà, àdúrà yóò gbà.	Ẹ adura, ku adura yoo gba.	remove_only_accents_and_swap_word	greetings
Ẹ kú àdúrà, Ọlọ́run yóò gbọ́ ẹ̀bẹ̀ wa.	E ku adura, Olorun yoo gbo ebe wa.	remove_accents_and_underdots	greetings
Ẹ kú àdúrà, ṣé ìya wa ti délé?	E ku adura, se iya wa ti dele?	remove_accents_and_underdots	greetings
Ẹ kú àdúrà àná.	adura ku Ẹ ana.	remove_only_accents_and_swap_word	greetings
Ẹ kú àdúrà, Olódùmarè yóò gbọ́ tiwa.	Ẹ ku Olodumare yoo gbọ tiwa.	remove_only_accents_and_any_random_word	greetings
Ẹ kú odò ẹ̀yin ọ̀rẹ́ mi.	E ku odo eyin ore mi.	remove_accents_and_underdots	greetings
Ẹ kú odò ìyá mi.	E ku odo iya mi.	remove_accents_and_underdots	greetings
Ẹ kú odò, bàbá mi ńkọ́?	Ẹ ku odo, baba mi nkọ?	remove_only_accents	greetings
Ẹ kú odò, ṣé ẹ ti ṣetàn?	E ku odo, se e ti setan?	remove_accents_and_underdots	greetings
Ẹ kú odò ìya Bólá.	E ku odo iya Bola.	remove_accents_and_underdots	greetings
Ẹ kú ọwọ́ lómi, ọmọ náà yóò mọ̀ wá.	Ẹ ku ọwọ lomi, ọmọ naa yoo mọ wa.	remove_only_accents	greetings
Ẹ kú ọwọ́ lómi, a ó jère rẹ̀.	Ẹ a ọwọ lomi, ku o jere rẹ.	remove_only_accents_and_swap_word	greetings
Ẹ kú ọwọ́ lómi ìya Kólá.	E ku owo lomi iya Kola.	remove_accents_and_underdots	greetings
Ẹ kú ọwọ́ lómi, Èdùmàrè á wò ó.	E ku owo lomi, Edumare a wo o.	remove_accents_and_underdots	greetings
Ẹ kú oríire, a sì kú ọwọ́ lómi.	Ẹ ku oriire, a si ku ọwọ lomi.	remove_only_accents	greetings
Ẹ káàsán ìya Túndé, ẹ kú ọjọ́ gbọọrọ.	Ẹ kaasan iya Tunde, ẹ ku gbọọrọ. ọjọ	remove_only_accents_and_swap_word	greetings
Ojú yín rè é, ẹ kú ọjọ́ gbọọrọ.	Oju yin re e, ẹ ọjọ gbọọrọ.	remove_only_accents_and_any_random_word	greetings
Àwọn ará Èkó dé, ẹ kú ọjọ́ gbọọrọ.	Awọn ara Eko de, ẹ ku ọjọ gbọọrọ.	remove_only_accents	greetings
Ẹ kú ọjọ́ gbọọrọ, ẹ kú àìbèère ẹni.	Ẹ ku ọjọ gbọọrọ, ẹ aibeere ẹni.	remove_only_accents_and_any_random_word	greetings
Ẹ kú ọjọ́ gbọọrọ, gbogbo ilé ńkọ́?	Ẹ ku ọjọ gbọọrọ, gbogbo ile nkọ?	remove_only_accents	greetings
A kí yín ẹ kú ìdìde o.	A ki yin ẹ ku idide o.	remove_only_accents	greetings
Ẹ kú ìdìde là á kí ẹni tó fi tiẹ̀ sílẹ̀ gbọ́ tẹni.	E ku idide la a ki eni to fi tie sile gbo teni.	remove_accents_and_underdots	greetings
Mi ò mọ̀ pé ẹ tún lè wá, ẹ ṣé ẹ kú ìdìde.	Mi o mo pe e tun le wa, e se e ku idide.	remove_accents_and_underdots	greetings
Ṣé o ti kí wọn kú ìdìde?	Se o ti ki won ku idide?	remove_accents_and_underdots	greetings
Bọlá ti kí wọn kú ìdìde.	Bola ti ki won ku idide.	remove_accents_and_underdots	greetings
